shopping_id,cnpj,loja_nome,segmento,status_atual,last_time,data_inativacao,cupons,clientes,valor_total,shopping_sigla,participou,inativada_na_promo
1,92754738021755,Renner,Moda,ATIVO,2026-03-20 14:29:31,,439,341,118196.38,CS,True,False
1,59546515007490,Nike Unite,Moda,ATIVO,2026-04-01 09:25:48,,182,142,80568.29,CS,True,False
1,84453844017587,Vivara,Joalheria,ATIVO,2026-03-20 14:29:31,,28,25,69617.98,CS,True,False
1,45242914028450,C&A,Moda,ATIVO,2026-03-20 11:23:51,,199,170,50719.11,CS,True,False
1,06347409027365,Centauro,Esportes,ATIVO,2026-03-20 11:23:31,,131,116,49046.6,CS,True,False
1,00776574160781,Lojas Americanas,Eletrodomésticos,ATIVO,2026-01-28 12:04:34,,560,349,47576.7,CS,True,False
1,54909876001903,Óticas Carol,Ótica,ATIVO,2026-03-20 14:29:12,,22,20,44489.0,CS,True,False
1,33200056014107,Riachuelo,Moda,ATIVO,2026-03-20 14:29:31,,184,151,42669.52,CS,True,False
1,02314041005490,Decathlon,Esportes,ATIVO,2026-03-20 14:29:31,,159,138,41515.46,CS,True,False
1,34912793000480,Empório Du Homem,Moda,ATIVO,2025-05-07 08:26:20,,41,33,35933.36,CS,True,False
1,02455036001590,Samsung,Eletrônicos,ATIVO,2026-03-20 14:29:31,,8,4,32903.0,CS,True,False
1,47960950088460,Magazine Luiza,Eletrodomésticos,ATIVO,2026-03-20 13:33:20,,27,12,30737.09,CS,True,False
1,28672652000191,Maze Vale Comercio LTDA,Moda,ATIVO,2026-03-20 14:29:31,,38,30,29706.92,CS,True,False
1,78842440001821,Carioca Calçados,Calçados,ATIVO,2026-03-20 11:24:19,,69,65,26301.97,CS,True,False
1,02558157078005,Vivo,Telefonia,ATIVO,2026-03-23 08:15:56,,5,4,25674.0,CS,True,False
1,50628261000129,Live!,Moda Feminina,ATIVO,2026-01-28 12:03:32,,40,38,24884.41,CS,True,False
1,92665611036368,Panvel Farmácias,Farmácias,ATIVO,2026-03-20 14:29:31,,269,210,24561.44,CS,True,False
1,30787430000913,Clifield,Moda,ATIVO,2026-01-28 11:18:27,,31,30,23635.95,CS,True,False
1,43283811014029,Kalunga,Papelaria,ATIVO,2026-03-20 12:03:48,,199,160,22357.37,CS,True,False
1,46227794000202,IDéli oui,Beleza e Bem-estar,ATIVO,2026-03-20 12:02:40,,51,44,21660.28,CS,True,False
1,49367662000193,Audithorium Menswear,Moda,ATIVO,2026-03-20 08:56:09,,23,21,18886.86,CS,True,False
1,01167639004701,Beagle,Moda,ATIVO,2026-03-20 08:57:15,,28,22,18881.81,CS,True,False
1,17574231006738,Youcom,Moda,ATIVO,2026-03-20 14:29:31,,56,47,18878.06,CS,True,False
1,48205573000188,Arezzo,Calçados,ATIVO,2024-12-11 21:21:55,,34,31,18642.52,CS,True,False
1,79065181003371,Livrarias Catarinense,Livrarias,ATIVO,2026-03-20 12:08:34,,183,149,18134.36,CS,True,False
1,08718972001876,Leo Cosméticos,Beleza e Bem-estar,ATIVO,2026-03-16 09:00:25,,239,200,18122.02,CS,True,False
1,15048754009307,Studio Z,Calçados,ATIVO,2026-03-20 14:29:31,,99,88,16980.76,CS,True,False
1,56025089000103,Hope,Moda,ATIVO,2026-03-20 08:56:33,,44,40,16224.06,CS,True,False
1,52606285000102,Tommy Hilfiger,Moda,ATIVO,2026-01-28 13:16:43,,16,12,15959.0,CS,True,False
1,53153938008788,Cobasi,Pets,ATIVO,2026-03-20 11:26:54,,139,115,15795.0,CS,True,False
1,37105114000106,Brasil Cacau,Gastronomia,ATIVO,2025-12-08 08:35:37,,149,120,15729.94,CS,True,False
1,40432544043466,Claro,Telefonia,ATIVO,2026-03-20 11:26:38,,4,3,15326.84,CS,True,False
1,06159920000486,Lua Luá,Moda,ATIVO,2026-03-20 12:21:39,,30,21,15169.23,CS,True,False
1,57931942000100,Eco Made,Casa e Decoração,ATIVO,2026-03-20 11:55:03,,1,1,15000.0,CS,True,False
1,00436042016920,Polishop,Eletrodomésticos,ATIVO,2026-03-20 14:29:31,,11,5,14036.48,CS,True,False
1,75293662001844,Altenburg,Casa e Decoração,ATIVO,2026-03-20 08:55:10,,7,6,14030.8,CS,True,False
1,43970843000123,Companhia da Moda,Moda,ATIVO,2026-03-20 11:25:08,,21,20,13974.0,CS,True,False
1,26953173000118,Kopenhagen,Gastronomia,ATIVO,2026-03-20 12:05:00,,65,51,13944.18,CS,True,False
1,02421421007396,TIM,Telefonia,ATIVO,2026-03-20 14:29:31,,4,4,13944.0,CS,True,False
1,50618046000147,Usaflex,Calçados,ATIVO,2026-03-20 14:29:31,,38,14,13864.61,CS,True,False
1,13783221006247,Madero,Gastronomia,ATIVO,2026-03-20 13:33:04,,84,67,13577.3,CS,True,False
1,15425654003583,Cotton On,Moda,ATIVO,2025-12-08 08:53:14,,49,37,13028.14,CS,True,False
1,61099834076170,Pernambucanas,Moda,ATIVO,2026-03-20 14:29:31,,84,66,11880.04,CS,True,False
1,13801502000678,Hering Store,Moda,ATIVO,2024-12-11 21:21:55,,40,32,11590.09,CS,True,False
1,05116621000663,O Boticário,Beleza e Bem-estar,ATIVO,2026-03-20 14:27:35,,79,60,11306.53,CS,True,False
1,13393158003993,Me.Linda,Beleza e Bem-estar,ATIVO,2025-12-08 09:10:33,,85,74,11214.09,CS,True,False
1,11950487018137,Bacio di Latte,Gastronomia,ATIVO,2026-03-20 08:56:50,,175,116,11201.51,CS,True,False
1,26445944000590,Pop Me,Moda,ATIVO,2026-03-20 14:29:31,,41,39,10912.33,CS,True,False
1,01687411000836,Chuá Brand,Moda Feminina,ATIVO,2026-03-20 11:24:50,,8,8,10617.41,CS,True,False
1,01477466000650,McDonald's,Gastronomia,ATIVO,2026-03-20 13:36:19,,179,129,10331.61,CS,True,False
1,58731662012632,Ri Happy Baby,Infantil,ATIVO,2026-03-20 14:29:31,,55,46,10324.58,CS,True,False
1,23636034000504,Ótica Diniz,Ótica,ATIVO,2025-02-14 14:40:07,,8,8,9927.8,CS,True,False
1,56261957000146,Monviso,Ótica,ATIVO,2025-12-01 07:20:21,,6,6,9774.0,CS,True,False
1,83729004012300,Damyller,Moda,ATIVO,2026-03-20 11:27:53,,14,14,9611.4,CS,True,False
1,09611669030859,FARM Rio,Moda,ATIVO,2025-05-07 07:02:22,,19,17,9254.63,CS,True,False
1,17261661015529,Outback Steakhouse,Gastronomia,ATIVO,2026-03-20 14:29:29,,42,37,8792.77,CS,True,False
1,13257648002729,Sunglass Hut,Ótica,ATIVO,2026-03-20 14:29:31,,5,5,8655.0,CS,True,False
1,55596009000107,Luz da Lua,Moda,ATIVO,2026-03-20 14:10:59,,8,7,8375.5,CS,True,False
1,24548025000192,Spoleto,Gastronomia,ATIVO,2025-12-08 09:20:53,,157,104,8086.59,CS,True,False
1,47100110014300,Brooksfield,Moda,ATIVO,2026-03-20 14:29:31,,6,6,8054.94,CS,True,False
1,41219509000107,ADCOS,Beleza e Bem-estar,ATIVO,2026-03-05 06:58:28,,15,14,7554.58,CS,True,False
1,34593611000102,Cartes - Cozinha do Mundo,Gastronomia,ATIVO,2024-12-11 21:21:55,,108,68,7462.71,CS,True,False
1,48911062000343,Democrata,Calçados,ATIVO,2025-12-08 08:55:50,,17,15,7424.96,CS,True,False
1,60883735000132,Bom Beef,Gastronomia,ATIVO,2026-01-27 13:41:14,,93,51,7412.79,CS,True,False
1,84453844049276,Life Vivara,Joalheria,ATIVO,2026-03-20 12:07:28,,12,11,7124.0,CS,True,False
1,05918619007106,Casa Maria,Casa e Decoração,ATIVO,2025-01-24 08:11:25,,105,69,7091.58,CS,True,False
1,13341740000303,Vicio DiPrata,Joalheria,ATIVO,2026-01-28 13:19:17,,25,22,7012.61,CS,True,False
1,34438969000403,Arquipélago  Sushi,Gastronomia,ATIVO,2025-12-08 08:22:28,,21,15,6880.18,CS,True,False
1,46708841018449,Polo Wear,Moda,ATIVO,2026-01-28 12:35:03,,40,36,6864.78,CS,True,False
1,41895821000110,Giraffas,Gastronomia,ATIVO,2025-03-31 08:58:42,,131,83,6844.83,CS,True,False
1,28030178000102,Constance,Calçados,ATIVO,2025-03-31 08:00:39,,23,21,6570.3,CS,True,False
1,11377588002671,Burger King,Gastronomia,ATIVO,2024-12-11 21:21:55,,117,88,6550.95,CS,True,False
1,51383076000184,Bagaggio,Presentes e Acessórios,ATIVO,2024-12-11 21:21:55,,14,13,6430.55,CS,True,False
1,33236254000162,Lupo,Moda,ATIVO,2024-12-11 21:21:55,,32,30,6361.12,CS,True,False
1,09652820001538,Cinépolis,Lazer,ATIVO,2026-03-20 11:25:24,,77,63,6079.0,CS,True,False
1,10872187000924,Ophicina,Moda,ATIVO,2025-05-13 16:15:48,,9,9,6077.94,CS,True,False
1,57637136000124,Hefesto Acessorios,Presentes e Acessórios,ATIVO,2026-03-20 12:02:28,,28,16,6062.87,CS,True,False
1,04570373000159,Mini Kalzone,Gastronomia,ATIVO,2026-01-28 12:16:53,,237,163,6009.6,CS,True,False
1,29263804000165,Camarão Express,Gastronomia,ATIVO,2025-03-31 07:39:19,,55,21,5511.5,CS,True,False
1,55605790000120,Anacapri,Lazer,ATIVO,2026-03-20 08:55:44,,15,10,5215.47,CS,True,False
1,62550790000136,Narbona Brasil,Gastronomia,ATIVO,2026-01-09 13:02:40,,15,15,5197.68,CS,True,False
1,62893370000152,Reserva,Moda,ATIVO,2025-12-01 07:20:42,,9,8,5181.0,CS,True,False
1,63144764000170,WePink,Beleza e Bem-estar,ATIVO,2025-12-19 14:15:55,,35,31,4988.85,CS,True,False
1,49738549000177,Kings  Sneakers,Calçados,ATIVO,2026-03-20 12:04:37,,7,7,4897.5,CS,True,False
1,17006049000154,Gamelas & Panella's,Gastronomia,ATIVO,2026-03-20 12:00:38,,84,52,4754.72,CS,True,False
1,15840616000148,Docejo,Gastronomia,ATIVO,2025-09-16 12:57:58,,86,63,4479.8,CS,True,False
1,49669856020845,John John,Moda,ATIVO,2026-03-20 12:03:33,,14,11,4467.82,CS,True,False
1,53123904000170,Zanoni Sushi,Gastronomia,ATIVO,2024-12-11 21:21:55,,67,37,4324.9,CS,True,False
1,47293713000154,Natura,Beleza e Bem-estar,ATIVO,2026-03-20 14:26:24,,39,38,4180.03,CS,True,False
1,51687642000141,PRIME GAMES,Eletrônicos,ATIVO,2024-12-11 21:21:55,,4,4,4046.0,CS,True,False
1,61002871000139,Montana Grill,Gastronomia,ATIVO,2025-10-10 13:17:27,,68,48,3888.85,CS,True,False
1,55667959000177,Forneria Carbone,Gastronomia,ATIVO,2026-01-09 13:07:36,,10,9,3849.48,CS,True,False
1,51734501000132,Swell Poke,Gastronomia,ATIVO,2026-01-28 13:11:41,,51,44,3843.85,CS,True,False
1,08018733000246,Me Blue,Presentes e Acessórios,ATIVO,2026-03-20 13:37:23,,25,24,3780.5,CS,True,False
1,16802276000123,Divino Fogão,Gastronomia,ATIVO,2026-03-20 11:54:45,,59,33,3687.17,CS,True,False
1,63476551000146,Spedini Trattoria Expressa,Gastronomia,ATIVO,2026-04-01 08:57:27,,72,45,3380.86,CS,True,False
1,52874293000130,World Tennis,Calçados,ATIVO,2024-12-11 21:21:55,,7,7,3211.92,CS,True,False
1,40573488000160,Griletto,Gastronomia,ATIVO,2024-12-11 21:21:55,,77,49,3070.43,CS,True,False
1,59452772000107,New Era,Moda,ATIVO,2026-01-28 12:21:26,,11,8,3037.9,CS,True,False
1,20909522000118,AJFans,Promocional,ATIVO,2026-03-23 08:50:16,,5,5,3000.0,CS,True,False
1,61010243000103,Tomato,Gastronomia,ATIVO,2026-04-13 08:11:36,,44,36,2991.59,CS,True,False
1,03366550000206,Manly,Moda Feminina,ATIVO,2025-12-17 06:30:59,,5,5,2944.61,CS,True,False
1,15378735000120,Bob's Sorvete - Quiosque,Gastronomia,ATIVO,2026-03-20 08:58:18,,105,78,2895.5,CS,True,False
1,60854024000130,Mr. Cat,Calçados,ATIVO,2026-02-11 06:16:12,,6,5,2698.8,CS,True,False
1,37096024000104,Lez a Lez,Moda,ATIVO,2025-06-20 07:12:53,,5,4,2448.65,CS,True,False
1,12423925000205,Continente Shopping - Estacionamento,Serviços,ATIVO,2026-01-27 14:38:21,,90,81,2432.0,CS,True,False
1,61903520000107,It Cell,Eletrônicos,ATIVO,2025-10-17 12:34:36,,11,10,2108.9,CS,True,False
1,33865910000196,Mr. Cheff,Gastronomia,ATIVO,2026-03-20 13:38:01,,54,28,1957.72,CS,True,False
1,40166214000157,Café Cultura,Gastronomia,ATIVO,2024-12-11 21:21:55,,47,37,1897.43,CS,True,False
1,01512104000148,L'OCCITANE AU BRESIL,Beleza e Bem-estar,ATIVO,2026-03-19 08:06:20,,6,6,1784.3,CS,True,False
1,42012629000282,Outlet Suplementos,Esportes,ATIVO,2025-06-20 07:37:17,,9,8,1729.87,CS,True,False
1,56294063000152,Provin Joias,Não informado,ATIVO,2026-03-20 14:29:31,,8,8,1712.0,CS,True,False
1,08146732001178,Hot Dog Du Piru,Gastronomia,ATIVO,2026-01-28 11:54:30,,47,34,1710.73,CS,True,False
1,56905856000160,Riviera Café,Gastronomia,ATIVO,2025-03-28 13:13:02,,33,19,1689.0,CS,True,False
1,26329064000205,Quebra Gelo,Presentes e Acessórios,ATIVO,2026-03-20 14:29:31,,7,7,1640.0,CS,True,False
1,51849217000101,Subway,Gastronomia,ATIVO,2026-03-20 14:29:31,,42,31,1620.6,CS,True,False
1,34277282000190,Floripratas,Presentes e Acessórios,ATIVO,2026-03-20 11:59:02,,12,11,1591.75,CS,True,False
1,20239819000113,Morana,Presentes e Acessórios,INATIVO,2026-04-07 06:04:44,,14,14,1573.3,CS,True,True
1,64028666000130,AstroBox,Gastronomia,ATIVO,2026-04-01 14:59:04,,31,28,1568.03,CS,True,False
1,41499548000105,Borelli Gelato,Gastronomia - Sorvetes,ATIVO,2026-03-20 08:58:36,,37,31,1556.0,CS,True,False
1,36504390000184,Jah do Açaí,Gastronomia,ATIVO,2026-03-10 10:32:40,,16,12,1434.41,CS,True,False
1,51450284000159,Goldko,Gastronomia,ATIVO,2026-03-20 12:01:59,,11,11,1423.12,CS,True,False
1,61881481000186,Le Postiche,Presentes e Acessórios,ATIVO,2025-09-01 13:03:52,,6,6,1189.93,CS,True,False
1,53259666000125,Chiquinho Sorvetes,Gastronomia - Sorvetes,ATIVO,2026-03-13 06:05:54,,50,40,1172.0,CS,True,False
1,58891504011910,KFC,Gastronomia,ATIVO,2026-04-07 08:51:33,,20,19,1092.1,CS,True,False
1,62718378000182,Sandaliaria,Calçados,ATIVO,2025-11-19 08:34:15,,5,5,1051.19,CS,True,False
1,23448147000144,Mr Trend,Ótica,ATIVO,2024-12-11 21:21:55,,3,3,1009.0,CS,True,False
1,58356059000105,Frank d'Ferran Cabelereiros,Salão de Beleza | Barbearia,ATIVO,2026-03-20 14:29:31,,3,3,952.0,CS,True,False
1,27877999000108,EVOLUCELL CELULARES,Telefonia,ATIVO,2026-03-20 14:10:23,,3,2,924.0,CS,True,False
1,57150568000106,Lilica & Tigor,Infantil,ATIVO,2026-03-20 12:08:14,,4,2,824.85,CS,True,False
1,59720070000167,World Cookies,Gastronomia,ATIVO,2026-03-20 14:29:31,,40,14,808.5,CS,True,False
1,61793720000227,Ótica Oculum,Ótica,ATIVO,2026-03-20 14:28:35,,1,1,790.0,CS,True,False
1,47821356000150,Melissa,Calçados,ATIVO,2025-12-08 09:11:13,,3,3,609.5,CS,True,False
1,31324392002200,Botoclinic,Beleza e Bem-estar,ATIVO,2026-03-20 08:59:54,,1,1,599.0,CS,True,False
1,61543434000122,Homem do Sapato,Moda,ATIVO,2026-03-20 14:10:49,,1,1,599.0,CS,True,False
1,54248054000108,Milky Moo,Gastronomia,ATIVO,2026-03-16 10:31:49,,17,15,594.0,CS,True,False
1,60056258000131,Smartcase,Eletrônicos,ATIVO,2025-08-13 07:40:20,,3,3,458.8,CS,True,False
1,01101271000104,Lanzara,Joalheria,ATIVO,2024-12-11 21:21:55,,1,1,375.0,CS,True,False
1,46290630000149,Dedal Oficina de Costura,Serviços,ATIVO,2026-03-20 14:29:31,,1,1,282.0,CS,True,False
1,27996249000155,Fini,Gastronomia,ATIVO,2026-03-20 11:58:42,,5,4,254.2,CS,True,False
1,52003898001046,Figueira Store,Esportes,ATIVO,2025-04-15 13:11:52,,1,1,199.99,CS,True,False
1,64630289000105,Mate Chique,Outros,ATIVO,2026-03-31 15:01:13,,2,2,155.8,CS,True,False
1,48577301000109,WOW Park,Lazer,ATIVO,2026-03-20 14:29:31,,4,4,115.8,CS,True,False
1,46057902000327,BRANDO BIKES,Esportes,ATIVO,2026-04-09 12:35:10,,1,1,1.35,CS,True,False
1,59350220000198,.,Beleza e Bem-estar,INATIVO,2026-03-20 08:53:15,,0,0,0.0,CS,False,True
1,52438155000299,.,Gastronomia,INATIVO,2026-03-20 08:53:43,,0,0,0.0,CS,False,True
1,37581110000102,ALLMINI,Presentes e Acessórios,ATIVO,2026-04-13 07:46:10,,0,0,0.0,CS,False,False
1,50878192000101,Antonio's Boliche,Lazer,ATIVO,2026-03-23 08:17:07,,0,0,0.0,CS,False,False
1,76381169000443,CVC,Serviços,ATIVO,2026-03-20 11:27:38,,0,0,0.0,CS,False,False
1,15833712000169,Chilli Beans,Ótica,ATIVO,2026-03-23 08:50:02,,0,0,0.0,CS,False,False
1,62405757000112,Chilli Beans,Ótica,INATIVO,2026-03-20 09:49:50,,0,0,0.0,CS,False,True
1,62405753000134,Chilli Beans Ótica,Ótica,INATIVO,2026-03-20 09:50:17,,0,0,0.0,CS,False,True
1,52580104000205,Divert Park,Lazer,ATIVO,2026-03-20 11:29:52,,0,0,0.0,CS,False,False
1,26585335000102,Drive Kids,Lazer,ATIVO,2024-12-11 21:21:55,,0,0,0.0,CS,False,False
1,63712614000116,Eleve by 26fit,Esportes,ATIVO,2026-03-19 12:05:53,,0,0,0.0,CS,False,False
1,38449696000100,Empório Seletto,Supermercado,ATIVO,2026-03-20 11:55:41,,0,0,0.0,CS,False,False
1,08845676044560,Espaço Laser,Beleza e Bem-estar,ATIVO,2026-03-20 14:29:31,,0,0,0.0,CS,False,False
1,26137868000121,Estacionamento,Serviços,ATIVO,2026-03-20 06:33:48,,0,0,0.0,CS,False,False
1,21380105000193,Havanna Heladeria,Gastronomia,ATIVO,2026-03-23 08:16:42,,0,0,0.0,CS,False,False
1,17795974000101,JBay,Moda,INATIVO,2026-04-07 06:56:20,,0,0,0.0,CS,False,True
1,04657129002171,JCanedo,Moda,ATIVO,2026-03-19 08:06:20,,0,0,0.0,CS,False,False
1,31911762000335,Joker Socks,Presentes e Acessórios,ATIVO,2026-03-20 12:03:16,,0,0,0.0,CS,False,False
1,50721523000103,LENTES ACUVUE,Ótica,ATIVO,2026-03-19 08:06:20,,0,0,0.0,CS,False,False
1,43849161000167,Laundrexpress (em breve),Serviços,ATIVO,2026-03-19 12:46:30,,0,0,0.0,CS,False,False
1,07719288000106,MAZE,Calçados,INATIVO,2026-03-20 13:35:30,,0,0,0.0,CS,False,True
1,02455036009494,Motorola,Telefonia,ATIVO,2026-03-20 13:37:46,,0,0,0.0,CS,False,False
1,44453337000120,Nutty Bavarian,Gastronomia,ATIVO,2026-03-03 11:58:08,,0,0,0.0,CS,False,False
1,46424765000150,OJO BY MR. RAY,Ótica,INATIVO,2026-03-20 14:27:54,,0,0,0.0,CS,False,True
1,48586755000146,ORTOBOM,Casa e Decoração,ATIVO,2026-03-20 14:28:10,,0,0,0.0,CS,False,False
1,51537088000116,PIPOCA AMERICANA,Gastronomia,ATIVO,2024-12-11 21:21:55,,0,0,0.0,CS,False,False
1,39362798000238,Suíça Relógios,Serviços,ATIVO,2026-04-13 06:33:09,,0,0,0.0,CS,False,False
1,02255187000108,Unifique,Telefonia,ATIVO,2026-03-19 12:35:28,,0,0,0.0,CS,False,False
1,62687135000124,XaraNNga Estética Automotiva,Lavação Automotiva,ATIVO,2026-03-09 08:23:03,,0,0,0.0,CS,False,False
2,92754738011792,Renner,Moda,ATIVO,2024-12-11 21:24:20,,415,300,131858.61,BS,True,False
2,84453844014057,Vivara,Joalheria,ATIVO,2024-12-11 21:24:20,,25,22,89632.28,BS,True,False
2,06347409003423,Centauro,Esportes,ATIVO,2024-12-11 21:24:20,,203,171,89293.3,BS,True,False
2,24357761000163,Victor Hugo,Moda Feminina,ATIVO,2024-12-11 21:24:20,,19,12,68864.71,BS,True,False
2,20702154005363,Lindt,Gastronomia,ATIVO,2024-12-11 21:24:20,,175,144,66888.8,BS,True,False
2,45242914019205,C&A,Moda,ATIVO,2024-12-11 21:24:20,,181,150,54731.12,BS,True,False
2,03179385000194,Paris Cosméticos,Beleza e Bem-estar,ATIVO,2024-12-11 21:24:06,,109,94,36761.89,BS,True,False
2,49669856026886,Le Lis Blanc,Moda,ATIVO,2026-03-27 14:05:10,,17,16,36213.36,BS,True,False
2,14959293000143,Dolce & Gabbana,Moda,ATIVO,2025-12-09 11:05:11,,3,3,34088.0,BS,True,False
2,11516257004961,Lofty style,Moda Feminina,ATIVO,2026-03-20 08:05:34,,37,33,33031.5,BS,True,False
2,09017661001338,Paula Torres,Calçados Femininos,ATIVO,2024-12-11 21:24:20,,10,9,30682.81,BS,True,False
2,47100110024888,Brooksfield,Moda,ATIVO,2026-03-23 08:15:22,,13,12,30209.74,BS,True,False
2,05570154001708,Adidas Originals,Moda,ATIVO,2026-03-20 14:29:31,,32,30,28967.7,BS,True,False
2,10346495000169,Cacau Show,Gastronomia,ATIVO,2024-12-11 21:24:10,,108,89,27874.54,BS,True,False
2,13257648009901,Rayban,Ótica,ATIVO,2026-03-20 14:19:00,,16,15,27679.0,BS,True,False
2,23103714000392,Track&Field,Moda,ATIVO,2024-12-11 21:24:20,,44,36,27640.54,BS,True,False
2,04692027003673,Oakley,Ótica,ATIVO,2026-03-20 14:18:04,,12,11,27205.6,BS,True,False
2,03733595004412,Superlegal Brinquedos,Infantil,ATIVO,2024-12-11 21:24:20,,124,104,26765.06,BS,True,False
2,88936323001961,Coliseu,Joalheria,ATIVO,2025-04-01 14:35:52,,6,5,26607.0,BS,True,False
2,05570154001295,Adidas,Esportes,ATIVO,2025-11-26 16:00:35,,30,26,24926.04,BS,True,False
2,79065181001409,Livrarias Catarinense,Livrarias,ATIVO,2024-12-11 21:24:20,,209,169,24290.59,BS,True,False
2,04756550000196,The North Face,Moda,ATIVO,2024-12-11 21:24:20,,14,7,23633.0,BS,True,False
2,36331349000153,Arezzo,Calçados Femininos,ATIVO,2026-03-20 07:46:38,,38,35,21979.45,BS,True,False
2,02926185002805,Le Creuset,Casa e Decoração,ATIVO,2026-03-20 14:17:59,,23,21,21087.25,BS,True,False
2,35303139003376,Live!,Moda,ATIVO,2026-03-20 14:18:13,,34,31,20951.6,BS,True,False
2,32143917000131,Magic Feet,Moda,ATIVO,2026-03-20 14:29:31,,21,18,20853.84,BS,True,False
2,57673178000110,Zeiss Vision Center,Ótica,ATIVO,2025-01-24 12:04:50,,4,4,20325.0,BS,True,False
2,14012554006588,Dress To,Moda Feminina,ATIVO,2026-03-23 08:13:55,,14,14,19786.0,BS,True,False
2,02455036001752,Samsung,Eletrônicos,ATIVO,2024-12-11 21:24:20,,2,2,19574.0,BS,True,False
2,48729832000170,Kopenhagen,Gastronomia,ATIVO,2024-12-11 21:24:20,,83,59,18307.92,BS,True,False
2,48812567000350,Virus 41,Calçados,ATIVO,2026-03-20 08:48:26,,22,22,17349.31,BS,True,False
2,59546515000134,Nike,Moda,ATIVO,2025-12-12 13:51:37,,14,14,16872.65,BS,True,False
2,17261661007852,Outback Steakhouse,Gastronomia,ATIVO,2024-12-11 21:24:20,,64,48,16437.81,BS,True,False
2,08743025007957,Granado,Beleza e Bem-estar,ATIVO,2024-12-11 21:24:20,,63,49,16419.68,BS,True,False
2,57621054003530,Boss,Moda,ATIVO,2026-03-20 14:16:14,,11,8,15657.0,BS,True,False
2,33164270000197,Miniso,Presentes e Acessórios,ATIVO,2025-03-11 07:47:12,,109,43,15166.48,BS,True,False
2,61747426000106,Hope,Moda,ATIVO,2025-11-14 08:40:11,,40,38,15062.19,BS,True,False
2,33200056057680,Carter´s,Infantil,ATIVO,2026-03-20 14:29:31,,34,31,15059.39,BS,True,False
2,09148568000129,Schutz,Calçados,ATIVO,2024-12-11 21:24:20,,12,12,14977.0,BS,True,False
2,28383312000302,Maria Dolores,Joalheria,ATIVO,2024-12-11 21:24:20,,6,6,14889.0,BS,True,False
2,13783221018920,Madero,Gastronomia,ATIVO,2026-03-19 08:06:20,,80,68,14406.86,BS,True,False
2,58731662017278,Ri Happy,Infantil,ATIVO,2024-12-11 21:24:20,,67,57,14371.65,BS,True,False
2,75293662001763,Altenburg,Casa e Decoração,ATIVO,2024-12-11 21:24:20,,6,6,14353.56,BS,True,False
2,02421421009500,TIM,Telefonia,ATIVO,2024-12-11 21:24:20,,3,2,14094.84,BS,True,False
2,24991405000105,Levi's,Moda,ATIVO,2024-12-11 21:24:20,,22,22,13293.55,BS,True,False
2,27769320000167,Clifield,Moda,ATIVO,2024-12-11 21:24:20,,18,16,13256.7,BS,True,False
2,89237911017116,iPlace Mobile,Eletrônicos,ATIVO,2024-12-11 21:24:20,,10,10,12981.97,BS,True,False
2,78876950003006,Hering Store,Moda,ATIVO,2024-12-11 21:24:20,,41,38,12852.0,BS,True,False
2,34509029000115,Lupo,Moda,ATIVO,2024-12-11 21:24:20,,43,41,12809.5,BS,True,False
2,03002339009090,Camicado,Casa e Decoração,ATIVO,2024-12-11 21:24:20,,43,38,12297.87,BS,True,False
2,47960950125331,Magazine Luiza,Eletrodomésticos,ATIVO,2026-03-23 06:58:16,,6,6,12294.88,BS,True,False
2,00776574161087,Lojas Americanas,Supermercado,ATIVO,2026-02-13 07:55:13,,188,116,12184.68,BS,True,False
2,06159920000214,Lua Luá,Moda,ATIVO,2025-08-04 08:34:22,,25,20,11310.3,BS,True,False
2,09611669014900,Farm,Moda,ATIVO,2026-03-20 07:58:26,,14,12,11296.09,BS,True,False
2,49669856026703,John John Denim,Moda,ATIVO,2026-03-20 08:00:27,,15,10,11290.64,BS,True,False
2,11950487018218,Bacio di Latte,Gastronomia,ATIVO,2025-11-17 19:21:14,,150,99,10897.36,BS,True,False
2,13257648014492,Grandvision by Fototica,Ótica,ATIVO,2024-12-11 21:24:20,,9,4,10704.4,BS,True,False
2,52194320000638,Nba Store Balneario Camboriu,Moda,ATIVO,2026-03-20 08:14:55,,14,13,9373.88,BS,True,False
2,24276833004305,Natura,Beleza e Bem-estar,ATIVO,2024-12-11 21:24:20,,52,46,9260.25,BS,True,False
2,55591589000131,Casa Bauducco,Gastronomia,ATIVO,2025-05-13 15:41:24,,78,57,8904.17,BS,True,False
2,09054385033239,Vr Collezioni,Moda,ATIVO,2026-03-20 14:18:54,,3,3,8328.0,BS,True,False
2,17574231003550,Youcom,Moda,ATIVO,2024-12-11 21:24:20,,25,24,8195.07,BS,True,False
2,41640059000121,Vans,Calçados,ATIVO,2026-02-10 07:50:36,,11,10,8159.82,BS,True,False
2,80973795000153,O Boticário,Beleza e Bem-estar,ATIVO,2024-12-11 21:24:20,,65,59,7894.8,BS,True,False
2,34587970000157,Adcos,Beleza e Bem-estar,ATIVO,2024-12-11 21:24:20,,19,18,7671.1,BS,True,False
2,13393158004299,MeLinda,Calçados Femininos,ATIVO,2026-03-20 08:09:46,,43,41,7600.31,BS,True,False
2,46088254000104,Artwalk,Calçados,ATIVO,2026-03-20 14:13:13,,8,8,7583.96,BS,True,False
2,02558157083432,Vivo,Telefonia,ATIVO,2024-12-11 21:24:20,,2,2,7021.15,BS,True,False
2,23417670000103,Luz da Lua,Calçados,ATIVO,2024-12-11 21:24:20,,10,8,6893.0,BS,True,False
2,30644994000140,Óticas Carol,Ótica,ATIVO,2024-12-11 21:24:20,,5,4,6395.0,BS,True,False
2,09048502000167,Sandra Duwe,Joalheria,ATIVO,2024-12-11 21:24:20,,2,2,6283.0,BS,True,False
2,60975658000655,Colcci,Moda,ATIVO,2025-11-12 13:18:25,,6,6,6239.0,BS,True,False
2,42886409000105,Morana,Presentes e Acessórios,ATIVO,2024-12-11 21:24:20,,23,21,6216.72,BS,True,False
2,07704261000131,Kipling,Presentes e Acessórios,ATIVO,2024-12-11 21:24:20,,10,7,6122.6,BS,True,False
2,12879361000139,Coach,Moda Feminina,ATIVO,2025-12-09 11:01:41,,2,2,5886.2,BS,True,False
2,47277437000130,Bagaggio,Presentes e Acessórios,ATIVO,2026-03-20 14:16:02,,6,6,5743.75,BS,True,False
2,27571229000132,Bibi,Infantil,ATIVO,2024-12-11 21:24:20,,17,14,5496.09,BS,True,False
2,34789369000147,Bottero,Calçados,ATIVO,2026-03-24 14:31:12,,12,12,5424.33,BS,True,False
2,28240079000147,Calvin Klein,Moda,ATIVO,2024-12-11 21:24:20,,8,8,5256.0,BS,True,False
2,33217311000328,Unizushi,Gastronomia,ATIVO,2024-12-20 08:29:30,,22,14,5094.77,BS,True,False
2,43470566006473,Shoulder,Moda Feminina,ATIVO,2024-12-11 21:24:20,,4,4,5061.99,BS,True,False
2,59321504000318,Saint Germain,Joalheria,ATIVO,2025-06-13 09:10:08,,10,9,5021.9,BS,True,False
2,21758666000183,Paladare Di Italia,Gastronomia,ATIVO,2024-12-11 21:24:20,,58,32,4898.6,BS,True,False
2,58113136000198,Wepink,Beleza e Bem-estar,ATIVO,2025-03-20 07:13:09,,41,33,4802.16,BS,True,False
2,08377511010282,Mac,Beleza e Bem-estar,ATIVO,2024-12-11 21:24:20,,13,13,4729.1,BS,True,False
2,13627491000902,McDonald's,Gastronomia,ATIVO,2026-03-23 08:10:41,,87,54,4673.75,BS,True,False
2,34900135000125,Audithorium,Moda,ATIVO,2026-03-20 07:53:23,,8,8,4595.03,BS,True,False
2,09054385033409,Salinas,Moda,ATIVO,2026-03-20 08:36:42,,6,6,4464.0,BS,True,False
2,02263214000186,Gamelas & Panella´s,Gastronomia,ATIVO,2024-12-11 21:24:20,,49,32,4351.7,BS,True,False
2,09054385033310,Ellus,Moda,ATIVO,2026-03-20 14:15:30,,3,3,4266.85,BS,True,False
2,27550252000140,Loungerie,Moda,ATIVO,2024-12-11 21:24:20,,19,18,4097.99,BS,True,False
2,22872129000122,Aramis,Moda,ATIVO,2024-12-11 21:24:20,,2,2,4083.0,BS,True,False
2,46548870000109,Democrata,Calçados,ATIVO,2024-12-11 21:24:20,,9,9,4006.65,BS,True,False
2,52082662000151,Milon,Infantil,ATIVO,2026-03-20 14:18:21,,10,10,3995.5,BS,True,False
2,38543106000104,KFC,Gastronomia,ATIVO,2024-12-11 21:24:20,,75,58,3995.31,BS,True,False
2,52028509000146,Puket,Moda,ATIVO,2026-03-20 14:29:31,,16,16,3918.93,BS,True,False
2,13257648006988,Sunglass Hut,Ótica,ATIVO,2024-12-11 21:24:20,,2,2,3681.5,BS,True,False
2,26380916000108,Tip Top,Infantil,ATIVO,2024-12-11 21:24:20,,14,13,3635.24,BS,True,False
2,47053209000187,Stanley,Presentes e Acessórios,ATIVO,2024-12-11 21:24:20,,12,11,3627.02,BS,True,False
2,35643566000116,Osklen,Moda,ATIVO,2024-12-11 21:24:20,,9,8,3624.0,BS,True,False
2,09002550000114,AJFans Balneário Shopping,Promocional,ATIVO,2026-03-23 08:51:06,,3,1,3500.0,BS,True,False
2,21157895000142,Sinhá Benta,Gastronomia,ATIVO,2024-12-11 21:24:20,,20,18,3240.8,BS,True,False
2,55743365000106,Samsonite,Presentes e Acessórios,ATIVO,2026-03-20 08:37:55,,2,2,3235.0,BS,True,False
2,55723665000115,Havaianas,Calçados,ATIVO,2025-11-25 07:11:39,,31,31,2964.59,BS,True,False
2,11581675004266,Água de coco,Moda Feminina,ATIVO,2024-12-23 05:36:04,,2,2,2947.0,BS,True,False
2,60895361000175,Pampile,Infantil,ATIVO,2026-03-20 14:29:31,,8,8,2931.62,BS,True,False
2,08951567000155,Richard's,Moda,ATIVO,2024-12-11 21:24:20,,2,2,2797.0,BS,True,False
2,04657129000985,Jcanedo,Moda,ATIVO,2024-12-11 21:24:20,,6,5,2685.19,BS,True,False
2,03959730000536,World Tennis,Calçados,ATIVO,2026-03-20 14:18:50,,9,7,2621.97,BS,True,False
2,11078529000730,Manôa Acessórios,Presentes e Acessórios,ATIVO,2026-03-20 14:18:08,,28,26,2506.91,BS,True,False
2,52203144000149,Usaflex,Calçados,ATIVO,2026-03-20 14:19:20,,6,6,2457.95,BS,True,False
2,39438057000102,Swell Poke,Gastronomia,ATIVO,2024-12-11 21:24:20,,32,24,2455.0,BS,True,False
2,55604646000170,Café Cultura,Gastronomia,ATIVO,2026-03-20 07:54:56,,45,32,2437.03,BS,True,False
2,55605861000195,Havanna Café,Gastronomia,ATIVO,2026-03-23 08:12:35,,26,18,2314.97,BS,True,False
2,29224871000170,Criamigos,Infantil,ATIVO,2024-12-11 21:24:20,,10,10,2193.64,BS,True,False
2,49961545006518,Paquetá Esportes,Esportes,ATIVO,2026-03-20 14:29:31,,7,6,2184.9,BS,True,False
2,01512104026708,L'occitane Bresil,Beleza e Bem-estar,ATIVO,2026-03-20 08:01:33,,12,12,2063.81,BS,True,False
2,46208235000174,Mini Kalzone,Gastronomia,ATIVO,2024-12-11 21:24:20,,93,55,2053.4,BS,True,False
2,16945787004353,Souq,Moda Feminina,ATIVO,2024-12-11 21:24:20,,3,3,2043.6,BS,True,False
2,48328808000129,De Ville Gourmet,Gastronomia,ATIVO,2024-12-11 21:24:20,,27,18,1987.07,BS,True,False
2,27274663000231,Tea Shop,Gastronomia,ATIVO,2024-12-11 21:24:20,,8,7,1948.18,BS,True,False
2,02876218000563,Pizza Hut,Gastronomia,ATIVO,2024-12-11 21:24:20,,30,22,1947.39,BS,True,False
2,21345888000174,Swarovski,Joalheria,ATIVO,2024-12-11 21:24:20,,2,2,1908.0,BS,True,False
2,42887800000116,Giraffa's,Gastronomia,ATIVO,2024-12-11 21:24:20,,27,23,1855.2,BS,True,False
2,01167639003063,Beagle,Moda,ATIVO,2025-06-02 08:37:54,,10,8,1828.23,BS,True,False
2,41911591000136,Plié,Moda,ATIVO,2024-12-11 21:24:20,,8,7,1767.7,BS,True,False
2,31957862000130,Rip Curl,Moda,ATIVO,2024-12-11 21:24:20,,4,3,1729.92,BS,True,False
2,14102914000178,MB acessórios,Presentes e Acessórios,ATIVO,2024-12-11 21:24:20,,11,9,1722.27,BS,True,False
2,03406250000467,Balneário Shopping - Estacionamento,Serviços,ATIVO,2024-12-11 21:24:20,,44,41,1660.0,BS,True,False
2,23449012000365,Quiksilver,Moda,ATIVO,2024-12-11 21:24:20,,3,3,1638.52,BS,True,False
2,33927843000600,Ugg,Moda Feminina,ATIVO,2026-03-20 14:19:04,,1,1,1599.0,BS,True,False
2,12136108005740,Monte Carlo Joias,Joalheria,ATIVO,2026-03-20 14:18:11,,1,1,1598.0,BS,True,False
2,28436148000192,Valenttina,Moda Feminina,ATIVO,2024-12-11 21:24:20,,6,5,1568.8,BS,True,False
2,29155192000600,Duladu,Gastronomia,ATIVO,2025-09-29 06:56:49,,7,6,1522.4,BS,True,False
2,33004058002025,Anselmi,Moda Feminina,INATIVO,2026-03-20 07:39:37,,1,1,1456.0,BS,True,True
2,11377588000628,Burger King,Gastronomia,ATIVO,2024-12-11 21:24:20,,27,20,1450.4,BS,True,False
2,09111729000100,10 Pastéis,Gastronomia,ATIVO,2024-12-11 21:24:20,,39,22,1446.65,BS,True,False
2,28970852000120,Sestini,Presentes e Acessórios,ATIVO,2024-12-11 21:24:20,,3,3,1389.6,BS,True,False
2,23112252000108,Camarão Express,Gastronomia,ATIVO,2024-12-11 21:24:20,,20,14,1360.3,BS,True,False
2,03366550000117,Manly,Moda Feminina,ATIVO,2026-03-19 10:55:53,,4,3,1356.3,BS,True,False
2,06269953000136,Pegada,Calçados,ATIVO,2026-03-23 08:10:06,,3,1,1329.96,BS,True,False
2,26978754000295,Shantal Grill & Risoto,Gastronomia,ATIVO,2026-02-12 12:01:01,,10,8,1308.5,BS,True,False
2,02714890000129,Liquori Caffè Gourmet,Gastronomia,ATIVO,2026-03-20 14:29:31,,24,19,1301.0,BS,True,False
2,02148561000320,Lacoste,Moda,ATIVO,2024-12-11 21:24:20,,3,2,1298.0,BS,True,False
2,94087921001663,Gnc Balneario,Lazer,ATIVO,2026-03-20 14:29:31,,21,16,1294.0,BS,True,False
2,08985078000114,Subway,Gastronomia,ATIVO,2024-12-11 21:24:20,,32,24,1264.1,BS,True,False
2,31848701000109,Cores em Cacau,Gastronomia,ATIVO,2024-12-11 21:24:20,,2,2,1165.2,BS,True,False
2,30787452000126,Orientali,Gastronomia,ATIVO,2024-12-11 21:24:20,,18,14,1158.76,BS,True,False
2,20723267000114,Loft,Eletrônicos,ATIVO,2026-03-20 08:05:15,,4,4,1080.9,BS,True,False
2,02241978000170,Bonna Panquecas e Massas,Gastronomia,ATIVO,2024-12-11 21:24:20,,20,14,1080.5,BS,True,False
2,15048124004373,Sephora,Beleza e Bem-estar,INATIVO,2026-03-20 08:40:34,,1,1,1043.16,BS,True,True
2,57109588000133,Bondyou,Presentes e Acessórios,ATIVO,2025-09-11 07:05:09,,10,9,924.0,BS,True,False
2,32306307002740,Creamy Skin Care,Beleza e Bem-estar,ATIVO,2024-12-11 21:24:20,,6,6,879.79,BS,True,False
2,60276975000179,Bread Pide,Gastronomia,ATIVO,2025-10-27 13:16:12,,18,15,869.69,BS,True,False
2,55403860000168,Buddha Spa,Serviços,ATIVO,2026-03-20 14:29:31,,4,3,838.0,BS,True,False
2,18865201000389,"Quem disse, Berenice?",Beleza e Bem-estar,ATIVO,2024-12-11 21:24:20,,13,11,794.35,BS,True,False
2,25286562000174,Growfit,Gastronomia,ATIVO,2025-07-21 06:32:43,,8,7,791.5,BS,True,False
2,09611669018999,Animale,Moda Feminina,INATIVO,2026-03-20 14:29:31,,1,1,678.3,BS,True,True
2,26715139000105,Fun Case,Eletrônicos,ATIVO,2026-03-20 07:59:15,,3,3,673.0,BS,True,False
2,39623353000183,Mr. Cheff,Gastronomia,ATIVO,2026-03-20 14:18:15,,11,5,486.88,BS,True,False
2,15815603000623,Pecorino,Gastronomia,ATIVO,2024-12-11 21:24:20,,2,2,450.87,BS,True,False
2,36485721001077,Patbo,Moda Feminina,ATIVO,2026-03-20 08:33:58,,1,1,375.0,BS,True,False
2,49798673000128,Jah Açaí,Gastronomia,ATIVO,2026-03-20 07:59:53,,12,7,335.5,BS,True,False
2,03888580000274,Bob's,Gastronomia,ATIVO,2024-12-11 21:24:20,,13,11,319.8,BS,True,False
2,23486280000195,Clube Melissa,Calçados,ATIVO,2026-03-23 08:14:35,,3,3,278.8,BS,True,False
2,38468167000154,Los Mariachis,Gastronomia,ATIVO,2026-02-19 12:30:42,,4,1,223.0,BS,True,False
2,53599236000152,Nutty Bavarian,Gastronomia,ATIVO,2024-12-11 21:24:20,,5,4,222.0,BS,True,False
2,06102194000112,Chilli Beans,Ótica,ATIVO,2026-03-20 07:55:50,,1,1,199.98,BS,True,False
2,31738634000170,Acium,Presentes e Acessórios,ATIVO,2024-12-11 21:24:20,,1,1,184.81,BS,True,False
2,49538746000142,Milky moo,Gastronomia,ATIVO,2026-03-20 14:29:31,,3,3,167.0,BS,True,False
2,58740351000119,Juistreet,Gastronomia,ATIVO,2025-03-21 11:52:59,,4,3,131.7,BS,True,False
2,46035164000155,Roasted Potato & Suco Bagaço,Gastronomia,ATIVO,2026-03-20 14:19:13,,9,8,92.0,BS,True,False
2,41908357000150,Acuvue Lentes,Ótica,ATIVO,2026-03-30 10:58:50,,0,0,0.0,BS,False,False
2,55457158000187,Biscoitê,Calçados,INATIVO,2026-03-20 07:39:05,,0,0,0.0,BS,False,True
2,20036374000255,Boiko,Joalheria,ATIVO,2025-04-29 06:25:36,,0,0,0.0,BS,False,False
2,33443501000100,Calzedonia,Moda,ATIVO,2026-03-23 08:14:56,,0,0,0.0,BS,False,False
2,23844753000189,Celular Shop,Eletrônicos,ATIVO,2024-12-11 21:24:20,,0,0,0.0,BS,False,False
2,15425654003400,Cotton On,Beleza e Bem-estar,INATIVO,2026-03-20 07:56:36,,0,0,0.0,BS,False,True
2,16831908000187,Crocs,Calçados,ATIVO,2026-03-23 08:14:16,,0,0,0.0,BS,False,False
2,61682759000277,Dengo,Beleza e Bem-estar,INATIVO,2026-03-20 07:57:07,,0,0,0.0,BS,False,True
2,30116147000102,Detoni Beauty,Beleza e Bem-estar,ATIVO,2026-03-23 06:57:17,,0,0,0.0,BS,False,False
2,28281777000271,Dvie Joalheria,Joalheria,ATIVO,2026-03-20 07:57:33,,0,0,0.0,BS,False,False
2,39403434000178,FORUM,Moda,ATIVO,2026-03-23 08:13:37,,0,0,0.0,BS,False,False
2,04852969000141,FREDDO,Gastronomia,ATIVO,2026-03-19 08:06:20,,0,0,0.0,BS,False,False
2,12015273000199,Game Mania,Eletrônicos,INATIVO,2026-04-06 06:29:52,,0,0,0.0,BS,False,True
2,51321247000574,Kings Sneakers,Calçados,INATIVO,2026-03-20 08:00:52,,0,0,0.0,BS,False,True
2,28111855000109,L'Oréal Kerastase,Beleza e Bem-estar,ATIVO,2026-03-23 08:12:06,,0,0,0.0,BS,False,False
2,25291503000194,Las Leñas,Gastronomia,ATIVO,2024-12-11 21:24:20,,0,0,0.0,BS,False,False
2,45021942000194,Lavi Sunglasses,Ótica,ATIVO,2024-12-11 21:24:20,,0,0,0.0,BS,False,False
2,02455036009303,Motorola,Telefonia,ATIVO,2026-03-20 14:17:55,,0,0,0.0,BS,False,False
2,05337063000151,New Era,Moda,ATIVO,2025-04-01 05:23:44,,0,0,0.0,BS,False,False
2,61793720000146,Oculum,Calçados,INATIVO,2026-03-20 08:15:37,,0,0,0.0,BS,False,True
2,46424765000150,Ojo by mr.ray,Ótica,ATIVO,2026-03-20 08:16:03,,0,0,0.0,BS,False,False
2,92665611000177,PANVEL,Farmácias,INATIVO,2026-03-20 08:20:00,,0,0,0.0,BS,False,True
2,07082391000694,PRATA FINA,Joalheria,INATIVO,2026-03-20 08:34:46,,0,0,0.0,BS,False,True
2,33962799000156,Padrão,Calçados,INATIVO,2026-03-20 08:17:35,,0,0,0.0,BS,False,True
2,45687735000173,Reserva,Moda,ATIVO,2026-04-06 06:38:42,,0,0,0.0,BS,False,False
2,55648279000106,Simmons,Casa e Decoração,ATIVO,2026-03-23 08:09:33,,0,0,0.0,BS,False,False
2,51149681000195,Smart Case,Eletrônicos,ATIVO,2026-02-10 07:37:42,,0,0,0.0,BS,False,False
2,08613254000944,Tania Bulhões,Presentes e Acessórios,ATIVO,2026-03-27 14:10:10,,0,0,0.0,BS,False,False
2,27883976000106,Tommy Hilfiger,Moda,ATIVO,2026-03-20 14:19:02,,0,0,0.0,BS,False,False
2,74465853000135,Unique,Beleza e Bem-estar,ATIVO,2026-03-23 08:07:50,,0,0,0.0,BS,False,False
2,48946499000150,Wow Park,Lazer,ATIVO,2026-03-23 08:07:23,,0,0,0.0,BS,False,False
3,92754738003420,Renner,Moda,ATIVO,2024-12-11 21:24:21,,485,346,131608.86,NK,True,False
3,06347409008905,Centauro,Esportes,ATIVO,2026-03-24 12:41:30,,198,163,74714.59,NK,True,False
3,43470566006554,Shoulder,Moda Feminina,ATIVO,2026-02-18 06:57:13,,67,56,73352.55,NK,True,False
3,79379491001155,Havan,Casa e Decoração,ATIVO,2025-03-11 05:36:57,,286,228,70671.99,NK,True,False
3,33200056008123,Riachuelo,Moda,ATIVO,2024-12-11 21:24:21,,258,212,64847.14,NK,True,False
3,84453844011384,Vivara,Joalheria,ATIVO,2024-12-11 21:24:21,,30,29,58281.47,NK,True,False
3,06062545000109,Joalheria Baier,Joalheria,ATIVO,2026-03-24 12:41:17,,5,5,55742.2,NK,True,False
3,37749600000167,Óticas Carol,Ótica,ATIVO,2026-03-20 14:29:31,,28,27,47845.69,NK,True,False
3,47100110025698,Brooksfield,Moda,ATIVO,2024-12-11 21:24:22,,31,27,45455.42,NK,True,False
3,20702154007811,Lindt,Gastronomia,ATIVO,2026-03-20 14:29:31,,207,164,42951.19,NK,True,False
3,11278233000177,Cacau Show,Gastronomia,ATIVO,2025-07-18 11:26:20,,269,207,41417.97,NK,True,False
3,05570154001457,Adidas,Esportes,ATIVO,2026-03-19 13:31:23,,52,46,34528.04,NK,True,False
3,00776574158612,LOJAS AMERICANAS,Eletrodomésticos,ATIVO,2026-03-24 12:45:19,,498,306,32816.37,NK,True,False
3,49669856005374,Le Lis,Moda,ATIVO,2026-02-18 06:57:07,,24,20,29793.22,NK,True,False
3,58731662011407,Ri Happy,Infantil,ATIVO,2025-06-06 08:49:53,,142,118,29785.3,NK,True,False
3,11170508000154,Cia do Homem,Moda,ATIVO,2024-12-11 21:24:21,,41,36,29281.1,NK,True,False
3,79065181002642,Livrarias Catarinense,Livrarias,ATIVO,2024-12-11 21:24:21,,280,214,27952.15,NK,True,False
3,58480703000144,Arezzo,Calçados,ATIVO,2025-11-17 13:03:18,,56,48,27184.03,NK,True,False
3,43283811014100,Kalunga,Papelaria,ATIVO,2024-12-11 21:24:21,,276,219,27132.34,NK,True,False
3,58393035000118,Luz da Lua,Calçados,ATIVO,2025-05-05 13:35:20,,32,28,26987.7,NK,True,False
3,13393158003802,Me.Linda,Beleza e Bem-estar,ATIVO,2024-12-11 21:24:22,,196,165,26967.91,NK,True,False
3,43451685000103,Idéli.Oui,Beleza e Bem-estar,ATIVO,2026-03-24 12:44:07,,59,52,26886.92,NK,True,False
3,83729004016560,Damyller,Moda,ATIVO,2026-02-18 11:19:00,,35,30,26637.3,NK,True,False
3,13783221018768,Madero,Gastronomia,ATIVO,2024-12-11 21:24:21,,147,112,26096.3,NK,True,False
3,50748085000169,Swarovski,Joalheria,ATIVO,2024-12-11 21:24:21,,13,13,25091.0,NK,True,False
3,45459036000176,Avatim,Beleza e Bem-estar,ATIVO,2024-12-11 21:24:22,,135,125,22895.5,NK,True,False
3,03002339004021,Camicado,Casa e Decoração,ATIVO,2025-09-18 14:11:35,,76,62,22007.82,NK,True,False
3,21366750000151,Track & Field,Moda,ATIVO,2024-12-11 21:24:21,,50,42,21313.45,NK,True,False
3,21660656000372,Kopenhagen,Gastronomia,ATIVO,2026-03-23 08:05:06,,225,146,21201.78,NK,True,False
3,02455036003887,Samsung,Eletrônicos,ATIVO,2024-12-11 21:24:21,,4,3,21091.0,NK,True,False
3,92665611024351,Panvel Farmácias,Farmácias,ATIVO,2024-12-11 21:24:21,,201,147,20738.69,NK,True,False
3,55221606000149,Hope,Moda,ATIVO,2025-06-24 05:32:58,,49,40,18609.0,NK,True,False
3,33200056060982,Carter's,Infantil,ATIVO,2026-02-18 06:56:54,,67,61,18211.83,NK,True,False
3,15048754007363,Studio Z,Calçados,ATIVO,2024-12-11 21:24:21,,101,90,18195.29,NK,True,False
3,17574231010417,Youcom,Moda,ATIVO,2024-12-11 21:24:21,,56,47,17867.27,NK,True,False
3,02558157043643,Vivo,Telefonia,ATIVO,2024-12-11 21:24:21,,4,3,17506.6,NK,True,False
3,53994421000141,Bagaggio,Presentes e Acessórios,ATIVO,2025-11-11 12:02:55,,21,18,17391.98,NK,True,False
3,04657129000802,JCanedo,Moda,ATIVO,2024-12-11 21:24:21,,22,20,17352.55,NK,True,False
3,17261661017572,Outback Steakhouse,Gastronomia,ATIVO,2024-12-12 07:34:34,,67,53,16380.1,NK,True,False
3,53966834001607,TNG,Moda,ATIVO,2024-12-11 21:24:21,,32,28,16165.37,NK,True,False
3,55582739000140,Sinhá Benta Gourmet,Gastronomia,ATIVO,2025-06-02 06:03:11,,195,111,15884.36,NK,True,False
3,53153938014400,Cobasi,Pets,ATIVO,2025-03-10 08:04:58,,103,84,15786.48,NK,True,False
3,78876950000848,Hering Store,Moda,ATIVO,2024-12-11 21:24:21,,55,51,15574.8,NK,True,False
3,31729984000170,Tommy Hilfiger,Moda,ATIVO,2026-02-18 06:57:29,,21,20,14007.05,NK,True,False
3,25332645000152,Aramis,Moda,ATIVO,2024-12-11 21:24:21,,13,11,12718.11,NK,True,False
3,47883510000118,Bottero,Calçados,ATIVO,2025-10-16 08:22:48,,18,18,12140.63,NK,True,False
3,48845348000106,Game Mania,Eletrônicos,ATIVO,2025-10-08 11:12:37,,5,5,11939.8,NK,True,False
3,09611669031235,Farm,Moda Feminina,ATIVO,2026-03-20 14:29:31,,28,25,11474.15,NK,True,False
3,84453844045793,Life by Vivara,Joalheria,ATIVO,2026-04-02 11:48:29,,18,17,10708.0,NK,True,False
3,07863967000146,Pratafina,Presentes e Acessórios,ATIVO,2025-01-08 12:50:07,,58,54,10134.0,NK,True,False
3,05569332000105,Sandra Duwe,Joalheria,ATIVO,2024-12-11 21:24:21,,5,5,9985.0,NK,True,False
3,56951555000173,Gondolier,Gastronomia,ATIVO,2024-12-11 21:24:22,,130,101,9628.54,NK,True,False
3,42591651138099,McDonald's,Gastronomia,ATIVO,2024-12-11 21:24:21,,194,122,9576.21,NK,True,False
3,65560847000176,OJO,Ótica,ATIVO,2026-03-30 10:43:04,,6,6,9160.0,NK,True,False
3,39761471000158,Clube Melissa,Calçados,ATIVO,2025-03-10 08:03:24,,24,20,8769.93,NK,True,False
3,49961545006194,Paquetá,Esportes,ATIVO,2026-03-24 12:47:40,,26,20,8673.63,NK,True,False
3,53262111000132,Kings Sneakers,Calçados,ATIVO,2026-03-03 13:36:32,,11,11,8596.66,NK,True,False
3,13566271007910,Intimissimi,Moda Feminina,ATIVO,2026-02-18 06:26:34,,14,13,8460.06,NK,True,False
3,35303139003619,LIVE!,Moda,ATIVO,2025-09-26 11:02:58,,17,17,8190.67,NK,True,False
3,48911062000262,Democrata,Calçados,ATIVO,2026-03-24 12:42:28,,19,17,8187.55,NK,True,False
3,44807560000128,Lupo,Moda,ATIVO,2025-09-22 13:35:17,,45,41,8148.1,NK,True,False
3,58891504012054,Kfc,Gastronomia,ATIVO,2026-03-20 14:29:31,,147,104,7951.17,NK,True,False
3,31723932000358,Kombina Felice,Gastronomia - Restaurante,ATIVO,2025-06-24 05:41:07,,36,28,7804.69,NK,True,False
3,02509838000130,Laci Baruffi,Presentes e Acessórios,ATIVO,2026-03-24 12:44:25,,12,12,7785.45,NK,True,False
3,32560217000576,Belshop,Beleza e Bem-estar,ATIVO,2024-12-11 21:24:21,,55,44,7378.03,NK,True,False
3,29174375000150,Mini Kalzone,Gastronomia,ATIVO,2024-12-11 21:24:21,,307,170,7085.1,NK,True,False
3,02362017000386,Cavezzale,Presentes e Acessórios,ATIVO,2024-12-11 21:24:21,,18,17,6994.93,NK,True,False
3,26240041000149,Feng Cheng,Gastronomia,ATIVO,2024-12-11 21:24:21,,87,64,6653.45,NK,True,False
3,24276833014106,Natura,Beleza e Bem-estar,ATIVO,2024-12-11 21:24:22,,53,50,6351.42,NK,True,False
3,50906474000175,Café Cultura,Gastronomia,ATIVO,2025-05-15 07:59:05,,148,79,6213.45,NK,True,False
3,56873368000119,Anjos Colchões & Sofás,Casa e Decoração,ATIVO,2026-03-24 12:49:42,,1,1,5899.0,NK,True,False
3,50624528000290,Mamma Mia Express,Gastronomia,ATIVO,2025-07-21 08:06:52,,90,61,5801.51,NK,True,False
3,46817768000153,World Tennis,Calçados,ATIVO,2025-07-21 08:37:46,,14,12,5731.6,NK,True,False
3,79855508000121,General Lyy,Moda,ATIVO,2024-12-11 21:24:21,,20,17,5641.72,NK,True,False
3,34490657000104,Victor Hugo,Presentes e Acessórios,ATIVO,2026-02-18 06:56:36,,2,2,5561.99,NK,True,False
3,28659861000103,Authentic Feet,Moda,ATIVO,2024-12-11 21:24:21,,9,9,5440.41,NK,True,False
3,40432544007079,Claro,Telefonia,ATIVO,2024-12-11 21:24:21,,3,2,5236.0,NK,True,False
3,73365470000122,Due Sapori,Gastronomia,ATIVO,2024-12-11 21:24:21,,86,55,5001.45,NK,True,False
3,10872187000762,Ophicina Footwear,Moda,ATIVO,2026-03-31 12:39:12,,11,10,4866.35,NK,True,False
3,03810127000164,Cabanas,Moda,ATIVO,2024-12-11 21:24:21,,11,11,4754.37,NK,True,False
3,73846347000719,Daniela Tombini,Moda,ATIVO,2026-03-24 12:42:41,,12,7,4717.54,NK,True,False
3,54098551000169,Freddo,Gastronomia,ATIVO,2026-03-24 12:53:38,,109,82,4548.0,NK,True,False
3,02421421005776,TIM,Telefonia,ATIVO,2024-12-11 21:24:21,,1,1,4487.76,NK,True,False
3,42904620000103,Tech Smart,Eletrônicos,ATIVO,2024-12-11 21:24:21,,15,15,4418.3,NK,True,False
3,11377588000202,Burger King,Gastronomia,ATIVO,2024-12-11 21:24:21,,73,57,4154.15,NK,True,False
3,56985525000188,Reserva,Moda,ATIVO,2025-05-09 11:16:54,,9,9,4107.0,NK,True,False
3,13566271007678,Calzedonia,Moda Feminina,ATIVO,2025-10-10 11:17:12,,17,14,4031.55,NK,True,False
3,60261851000110,WePink,Beleza e Bem-estar,ATIVO,2025-07-18 10:54:15,,23,21,3388.0,NK,True,False
3,59321504000237,Saint Germain,Joalheria,ATIVO,2026-03-24 12:47:53,,4,4,3365.9,NK,True,False
3,02876218000644,Pizza Hut,Gastronomia,ATIVO,2024-12-11 21:24:21,,46,39,3323.9,NK,True,False
3,01512104024403,L'Occitane en Provence,Beleza e Bem-estar,ATIVO,2025-09-11 13:04:00,,8,7,3308.4,NK,True,False
3,52349729000171,Usaflex,Calçados,ATIVO,2026-03-23 06:58:43,,8,8,3168.92,NK,True,False
3,43249369000145,BioMundo Produtos Naturais,Beleza e Bem-estar,ATIVO,2025-10-14 08:27:36,,23,22,3141.23,NK,True,False
3,10212986000893,Zee Rucci,Moda Feminina,ATIVO,2026-03-24 12:58:41,,18,15,3058.04,NK,True,False
3,06231487000108,Ótica Chroma,Ótica,ATIVO,2024-12-13 14:12:16,,2,2,3018.0,NK,True,False
3,11137051003959,O Boticário,Beleza e Bem-estar,ATIVO,2026-03-24 12:47:24,,28,26,2938.28,NK,True,False
3,01512104024322,L'Occitane Au Brésil,Beleza e Bem-estar,ATIVO,2024-12-11 21:24:21,,18,17,2773.96,NK,True,False
3,49650475000112,Orientali,Gastronomia,ATIVO,2024-12-11 21:24:22,,44,28,2747.92,NK,True,False
3,34912793000641,Empório DUHomem,Moda,ATIVO,2025-12-12 13:26:37,,6,6,2740.2,NK,True,False
3,51400057000119,Crocs,Calçados,ATIVO,2026-03-20 14:29:31,,5,5,2650.0,NK,True,False
3,29818438000163,Divino Fogão,Gastronomia,ATIVO,2024-12-11 21:24:21,,53,38,2566.47,NK,True,False
3,94087921001230,GNC Cinemas,Lazer,ATIVO,2026-03-20 14:29:31,,44,35,2506.5,NK,True,False
3,28644388000182,Subway,Gastronomia,ATIVO,2024-12-11 21:24:22,,49,32,2295.83,NK,True,False
3,13257648014301,GrandVision,Ótica,ATIVO,2026-03-24 12:55:04,,6,4,2234.8,NK,True,False
3,14440687000786,Vialaser,Beleza e Bem-estar,ATIVO,2026-03-24 12:58:21,,3,3,2092.57,NK,True,False
3,55666017000174,Gelato Borelli,Gastronomia,ATIVO,2025-06-03 12:31:44,,48,34,2011.4,NK,True,False
3,28760827000112,MB Acessórios,Presentes e Acessórios,ATIVO,2024-12-11 21:24:21,,19,17,2009.2,NK,True,False
3,64437691000178,Chilli Beans,Ótica,ATIVO,2026-03-23 08:05:23,,8,8,1967.83,NK,True,False
3,30840705000188,Chiquinho Sorvetes,Gastronomia,ATIVO,2025-03-10 08:00:04,,78,55,1911.5,NK,True,False
3,49459141000166,Sinhá Benta Café,Gastronomia,ATIVO,2025-06-03 06:28:36,,26,20,1834.07,NK,True,False
3,39714111000103,Rei Do Mate,Gastronomia,ATIVO,2024-12-11 21:24:21,,41,31,1826.2,NK,True,False
3,35712245000126,Alison Salles Hair Stylist,Salão de Beleza | Barbearia,ATIVO,2026-03-24 12:50:24,,8,8,1738.2,NK,True,False
3,44252808000131,Estação Choperia,Gastronomia,ATIVO,2025-06-11 12:35:07,,37,25,1720.3,NK,True,False
3,32865100000410,Portus Padaria Artesanal,Gastronomia,ATIVO,2024-12-11 21:24:21,,29,21,1517.0,NK,True,False
3,62693522000173,Mr. Cheff,Gastronomia,ATIVO,2025-12-23 12:09:12,,17,5,1502.2,NK,True,False
3,07719288001501,Maze,Calçados,ATIVO,2025-07-21 08:09:07,,2,1,1189.86,NK,True,False
3,37593691000275,Pingu Brinquedos,Infantil,ATIVO,2026-01-12 14:02:44,,8,8,1017.2,NK,True,False
3,00238977000141,AJFans Neumarkt,Promocional,ATIVO,2026-04-10 11:08:20,,2,2,1000.0,NK,True,False
3,33217311000590,Unizushi,Gastronomia,ATIVO,2026-03-24 09:15:25,,3,3,871.2,NK,True,False
3,57607058000115,SmartCase,Eletrônicos,ATIVO,2026-02-18 07:01:00,,3,3,638.9,NK,True,False
3,62589660000107,QÓculos,Ótica,ATIVO,2026-01-22 10:52:04,,3,3,583.43,NK,True,False
3,60061352000189,Camarão Express,Gastronomia,INATIVO,2026-03-30 10:42:37,,8,7,425.9,NK,True,True
3,57175087000155,SmartCase,Eletrônicos,ATIVO,2026-02-18 07:00:25,,2,2,409.9,NK,True,False
3,39566766000173,Empório Sabores do Mundo,Gastronomia,ATIVO,2026-03-20 14:29:31,,6,5,272.0,NK,True,False
3,52171467000106,Milky Moo,Gastronomia,ATIVO,2026-03-23 08:04:26,,4,4,187.0,NK,True,False
3,57987840000379,Acium,Joalheria,INATIVO,2026-03-31 07:42:55,,1,1,119.0,NK,True,True
3,63136882000137,Crepefy,Gastronomia,ATIVO,2025-11-12 11:09:42,,3,3,115.95,NK,True,False
3,42591651138170,Mc Donald´s Quiosque 1,Fast Food,ATIVO,2026-03-19 11:34:32,,7,7,115.8,NK,True,False
3,42591651138331,McDonald´s Quiosque,Gastronomia,ATIVO,2024-12-11 21:24:22,,5,4,103.3,NK,True,False
3,50248089000188,LAtte Art Coffee Cafeteria,Gastronomia,ATIVO,2026-03-20 14:29:31,,3,3,59.0,NK,True,False
3,50721523000103,Acuvue,Ótica,ATIVO,2025-11-12 11:06:10,,0,0,0.0,NK,False,False
3,44861803000106,Adcos,Beleza e Bem-estar,INATIVO,2026-03-24 12:12:51,,0,0,0.0,NK,False,True
3,65788814000188,B&C Balas,Outros,ATIVO,2026-04-02 14:05:54,,0,0,0.0,NK,False,False
3,51344227000195,BRANDO BIKE,Presentes e Acessórios,INATIVO,2026-03-23 06:47:14,,0,0,0.0,NK,False,True
3,07737623007950,Bodytech,Serviços,ATIVO,2026-04-02 11:51:58,,0,0,0.0,NK,False,False
3,01687411000674,Chuá,Moda,INATIVO,2026-03-24 12:09:59,,0,0,0.0,NK,False,True
3,08545793000136,Cvc Viagens,Serviços,ATIVO,2026-03-20 14:29:31,,0,0,0.0,NK,False,False
3,57341635000170,Don Barber,Beleza e Bem-estar,ATIVO,2026-03-24 12:43:05,,0,0,0.0,NK,False,False
3,08845676046260,Espaço Laser,Beleza e Bem-estar,ATIVO,2025-06-12 15:15:41,,0,0,0.0,NK,False,False
3,52758327000120,Estação BrinCar,Lazer,ATIVO,2026-03-24 12:43:20,,0,0,0.0,NK,False,False
3,02455036009656,Motorola,Telefonia,ATIVO,2026-03-20 14:29:31,,0,0,0.0,NK,False,False
3,46699390000130,O MUNDO DAS CAPAS,Telefonia,ATIVO,2026-04-02 11:45:16,,0,0,0.0,NK,False,False
3,06269953002856,Pegada,Calçados,ATIVO,2026-03-24 12:57:00,,0,0,0.0,NK,False,False
3,51012602000108,Prime Car Detailing,Serviços,ATIVO,2026-03-20 14:29:31,,0,0,0.0,NK,False,False
3,55582739000493,Shelf,Supermercado,ATIVO,2026-03-24 12:48:09,,0,0,0.0,NK,False,False
4,24823012000184,Sabor Brasileiro,Gastronomia,ATIVO,2024-12-11 21:24:23,,683,41,87989.48,NR,True,False
4,79379491002984,Havan,Casa e Decoração,ATIVO,2025-04-17 10:34:52,,299,203,79357.82,NR,True,False
4,75315333021297,Atacadão,Supermercado,ATIVO,2024-12-11 21:24:23,,542,229,76646.95,NR,True,False
4,92754738017995,Renner,Moda,ATIVO,2026-03-20 14:29:31,,150,124,35259.88,NR,True,False
4,83569624001204,Pittol,Calçados,ATIVO,2026-03-20 14:29:31,,133,97,34505.07,NR,True,False
4,06347409024501,Centauro,Esportes,ATIVO,2024-12-11 21:24:23,,70,60,29805.04,NR,True,False
4,02455036001914,Samsung,Eletrônicos,ATIVO,2024-12-11 21:24:23,,3,2,28315.0,NR,True,False
4,33200056038111,Riachuelo,Moda,ATIVO,2026-03-20 14:29:31,,111,99,27401.43,NR,True,False
4,13267488000160,Cacau Show,Gastronomia,ATIVO,2024-12-11 21:24:22,,146,106,22422.09,NR,True,False
4,47960950059606,Magazine Luiza,Eletrodomésticos,ATIVO,2026-03-23 06:59:20,,15,13,21411.67,NR,True,False
4,00776574158701,Lojas Americanas,Eletrodomésticos,ATIVO,2024-12-11 21:24:23,,217,170,19226.45,NR,True,False
4,52493359000141,Idéli.oui,Beleza e Bem-estar,ATIVO,2026-03-20 14:29:31,,42,37,17754.87,NR,True,False
4,56687419000118,Avatim,Beleza e Bem-estar,ATIVO,2024-12-11 21:24:23,,114,53,16983.5,NR,True,False
4,34912793000560,Empório DuHomem,Moda,ATIVO,2026-03-23 08:02:17,,24,8,15823.72,NR,True,False
4,03733595006466,Superlegal Brinquedos,Infantil,ATIVO,2026-03-20 14:29:31,,69,56,13967.58,NR,True,False
4,04657129002767,JCanedo,Moda,ATIVO,2024-12-11 21:24:23,,15,15,13614.84,NR,True,False
4,53153938009407,Cobasi,Pets,ATIVO,2024-12-11 21:24:23,,98,79,11126.74,NR,True,False
4,11377588000970,Burger King,Gastronomia,ATIVO,2024-12-11 21:24:22,,157,69,10537.54,NR,True,False
4,30670630000304,Hering,Moda,ATIVO,2026-03-20 14:29:31,,21,19,10087.46,NR,True,False
4,79065181003029,Livrarias Catarinense,Livrarias,ATIVO,2024-12-11 21:24:23,,80,71,9150.76,NR,True,False
4,02455036009575,Motorola,Telefonia,ATIVO,2026-03-20 14:29:31,,2,2,8348.0,NR,True,False
4,84453844051769,Vivara,Joalheria,ATIVO,2025-05-09 13:18:51,,13,12,7773.0,NR,True,False
4,42591651143173,Mc Donalds,Gastronomia,ATIVO,2026-03-20 14:29:31,,135,98,7118.01,NR,True,False
4,33041260129361,Casas Bahia,Eletrodomésticos,ATIVO,2024-12-11 21:24:22,,6,5,6995.2,NR,True,False
4,54908050000109,Óticas Carol,Ótica,ATIVO,2026-03-20 14:29:31,,9,8,6553.96,NR,True,False
4,23400951000234,Arezzo,Calçados,ATIVO,2026-01-21 08:47:47,,16,11,6545.41,NR,True,False
4,08718972000802,Leo Cosméticos,Beleza e Bem-estar,ATIVO,2024-12-11 21:24:23,,82,73,6322.8,NR,True,False
4,09554846000148,Mini Kalzone,Gastronomia,ATIVO,2026-03-20 14:29:31,,226,147,5569.5,NR,True,False
4,01167639004620,Beagle,Moda,ATIVO,2025-11-07 07:44:58,,12,12,5402.75,NR,True,False
4,92665611072089,Panvel Farmácias,Farmácias,ATIVO,2025-07-21 12:09:21,,63,53,5130.02,NR,True,False
4,11137051009990,O Boticário,Beleza e Bem-estar,ATIVO,2024-12-11 21:24:23,,45,39,5073.3,NR,True,False
4,49961545006437,Paquetá,Esportes,ATIVO,2026-03-20 14:29:31,,21,17,4642.69,NR,True,False
4,57834082000197,World Tennis,Calçados,ATIVO,2024-12-17 09:18:35,,15,15,4469.0,NR,True,False
4,18704273002045,Toni Toys,Infantil,ATIVO,2024-12-11 21:24:23,,19,18,4268.71,NR,True,False
4,20758306013792,Cia do Terno,Moda,ATIVO,2025-09-17 09:57:56,,11,10,3828.48,NR,True,False
4,58891504011597,KFC,Fast Food,ATIVO,2025-07-21 08:46:00,,67,54,3745.6,NR,True,False
4,41598358000730,Bkko,Moda,ATIVO,2026-03-16 06:12:26,,6,5,3219.21,NR,True,False
4,46708841018104,Polo Wear,Moda,ATIVO,2024-12-11 21:24:23,,18,17,3162.21,NR,True,False
4,60393739000132,Jcel Eletrônicos,Telefonia,ATIVO,2025-09-01 13:45:39,,1,1,2900.0,NR,True,False
4,15363701000405,Pratafina,Presentes e Acessórios,ATIVO,2026-03-20 14:29:31,,17,16,2708.0,NR,True,False
4,31107087000124,Mr. Cheff,Gastronomia,ATIVO,2024-12-11 21:24:23,,48,19,2649.25,NR,True,False
4,55529866000186,Express Grill,Gastronomia,ATIVO,2024-12-11 21:24:23,,46,21,2181.96,NR,True,False
4,59953255000111,Divino Fogão,Gastronomia - Restaurante,ATIVO,2026-03-19 11:38:34,,39,21,2174.44,NR,True,False
4,14440687001081,Vialaser,Beleza e Bem-estar,ATIVO,2026-02-27 11:30:10,,2,2,2112.61,NR,True,False
4,09652820001104,Cinépolis,Lazer,ATIVO,2026-03-20 14:29:31,,24,20,2066.0,NR,True,False
4,39418129000150,Zamban Grill,Gastronomia,ATIVO,2026-03-20 14:29:31,,12,9,1958.86,NR,True,False
4,55865223000103,La Dullie,Gastronomia,ATIVO,2026-03-20 14:24:14,,35,17,1904.9,NR,True,False
4,53262112000187,Kings Sneakers,Moda,ATIVO,2026-03-20 14:29:31,,2,2,1828.99,NR,True,False
4,52467777000164,Natura,Beleza e Bem-estar,ATIVO,2026-03-20 14:29:31,,18,18,1699.8,NR,True,False
4,52884877000196,Subway,Gastronomia,ATIVO,2024-12-26 20:54:41,,28,24,1562.6,NR,True,False
4,00308055003855,Vivo,Telefonia,ATIVO,2026-03-20 14:29:31,,5,4,1487.98,NR,True,False
4,25051026000190,Chiquinho Sorvetes,Gastronomia - Sorvetes,ATIVO,2024-12-11 21:24:23,,45,33,1455.0,NR,True,False
4,40988905000136,A Fabulosa,Presentes e Acessórios,ATIVO,2024-12-11 21:24:23,,36,30,1419.43,NR,True,False
4,57412729000192,Milky Moo,Gastronomia,ATIVO,2026-03-20 14:29:31,,26,14,1346.1,NR,True,False
4,17286194000136,Game Mania,Eletrônicos,ATIVO,2025-10-16 06:58:54,,4,4,1248.8,NR,True,False
4,62051758000106,ALLMINI,Presentes e Acessórios,ATIVO,2025-10-13 13:53:57,,14,12,1170.88,NR,True,False
4,28192387000659,Freddo Gelateria,Gastronomia - Sorvetes,ATIVO,2026-03-19 11:44:33,,22,18,1022.78,NR,True,False
4,48766590000194,Bob's,Gastronomia,ATIVO,2025-12-09 11:56:34,,27,23,985.77,NR,True,False
4,46464595000137,Feng Cheng,Gastronomia,ATIVO,2025-10-29 12:42:08,,13,10,975.67,NR,True,False
4,30808673000133,Estação Choperia,Gastronomia,ATIVO,2026-03-20 14:29:31,,17,9,826.41,NR,True,False
4,27652384000183,Boiko Joalheiros,Joalheria,ATIVO,2024-12-11 21:24:23,,3,1,775.0,NR,True,False
4,33694235000180,Sinhá Benta,Gastronomia,ATIVO,2024-12-11 21:24:23,,18,13,771.5,NR,True,False
4,55582739000221,Senhora Farinha,Gastronomia,ATIVO,2025-10-09 11:51:04,,8,8,563.79,NR,True,False
4,63113505000182,The Family's Burger & Pizza,Gastronomia,ATIVO,2026-03-16 06:14:14,,6,4,363.4,NR,True,False
4,11140451000221,Norte Shopping - Estacionamento,Serviços,ATIVO,2024-12-11 21:24:23,,15,10,256.0,NR,True,False
4,49995696000122,Go Coffee,Gastronomia,ATIVO,2026-03-20 14:29:31,,4,4,254.5,NR,True,False
4,42904620000286,Tech Smart,Eletrônicos,ATIVO,2024-12-11 21:24:23,,1,1,199.9,NR,True,False
4,14477520000102,Missbely,Presentes e Acessórios,ATIVO,2024-12-11 21:24:23,,2,2,134.8,NR,True,False
4,48767159000162,Bob's (Quiosque 1),Gastronomia - Sorvetes,ATIVO,2024-12-11 21:24:23,,5,4,128.0,NR,True,False
4,36613143000116,Celulares e Cia.,Eletrônicos,ATIVO,2026-03-20 14:29:31,,1,1,89.0,NR,True,False
4,61268451000107,TOUTI Blumenau,Beleza e Bem-estar,ATIVO,2025-07-28 13:53:52,,1,1,79.9,NR,True,False
4,49491050000108,H'Cel,Eletrônicos,ATIVO,2025-12-19 13:55:03,,3,3,55.0,NR,True,False
4,31428749000168,Bob's (Quiosque 2),Gastronomia - Sorvetes,ATIVO,2024-12-11 21:24:23,,2,2,36.0,NR,True,False
4,34285263000106,Fun Case,Eletrônicos,ATIVO,2024-12-11 21:24:23,,1,1,20.0,NR,True,False
4,13345452000157,AJFans - Norte Shopping,Promocional,ATIVO,2026-03-23 08:47:42,,0,0,0.0,NR,False,False
4,57987840000298,Acium,Presentes e Acessórios,ATIVO,2025-09-23 14:36:58,,0,0,0.0,NR,False,False
4,31324392003517,Botoclinic,Beleza e Bem-estar,ATIVO,2026-03-20 14:29:31,,0,0,0.0,NR,False,False
4,54879562000186,Brando Bike,Outros,ATIVO,2024-12-11 21:24:23,,0,0,0.0,NR,False,False
4,56973880000137,Brasileirisse,Gastronomia,ATIVO,2026-03-23 08:02:56,,0,0,0.0,NR,False,False
4,76381169000443,CVC,Lazer,ATIVO,2026-03-19 08:06:20,,0,0,0.0,NR,False,False
4,51122965000198,CVC,Serviços,ATIVO,2024-12-11 21:24:23,,0,0,0.0,NR,False,False
4,28146213000145,Chilli Beans,Ótica,ATIVO,2024-12-11 21:24:23,,0,0,0.0,NR,False,False
4,40432544036508,Claro,Telefonia,ATIVO,2024-12-11 21:24:23,,0,0,0.0,NR,False,False
4,23681050000187,Estacionamento Norte Shopping,Não informado,ATIVO,2025-11-10 11:54:16,,0,0,0.0,NR,False,False
4,02455036009656,MOTOROLA,Telefonia,ATIVO,2026-03-19 08:06:20,,0,0,0.0,NR,False,False
4,51041779000124,Miss Make,Beleza e Bem-estar,ATIVO,2024-12-11 21:24:23,,0,0,0.0,NR,False,False
4,11023174016432,Pandora,Joalheria,ATIVO,2026-03-19 08:06:20,,0,0,0.0,NR,False,False
4,92665611000177,Panvel,Farmácias,ATIVO,2026-03-19 08:06:20,,0,0,0.0,NR,False,False
4,64127575000152,Sandaliaria Blumenau,Calçados,ATIVO,2026-03-19 11:47:34,,0,0,0.0,NR,False,False
4,08640305001494,Tim,Telefonia,ATIVO,2026-04-13 13:07:13,,0,0,0.0,NR,False,False
4,53600121000130,Wow Park,Lazer,ATIVO,2026-03-24 08:33:15,,0,0,0.0,NR,False,False
5,92754738015356,Renner,Moda,ATIVO,2024-12-11 21:24:23,,284,223,68276.39,GS,True,False
5,33200056038200,Riachuelo,Moda,ATIVO,2026-03-20 14:29:31,,192,161,47643.11,GS,True,False
5,45242914023490,C&A,Moda,ATIVO,2024-12-11 21:24:23,,154,122,37885.65,GS,True,False
5,43470566009650,Shoulder,Moda Feminina,ATIVO,2024-12-11 21:24:23,,25,21,32811.93,GS,True,False
5,06347409017998,Centauro,Esportes,ATIVO,2024-12-11 21:24:23,,91,79,32344.06,GS,True,False
5,01167639004035,Beagle,Moda,ATIVO,2024-12-11 21:24:23,,63,38,32016.55,GS,True,False
5,49669856008128,Le Lis Blanc,Moda,ATIVO,2024-12-11 21:24:23,,22,19,26901.56,GS,True,False
5,43351097003105,Levi's,Moda,ATIVO,2026-03-20 14:29:31,,37,35,24565.72,GS,True,False
5,83569624002871,Pittol,Calçados,ATIVO,2025-01-21 10:37:04,,86,74,24284.73,GS,True,False
5,78876950008822,Hering,Moda,ATIVO,2025-03-04 15:34:57,,71,65,23624.83,GS,True,False
5,46227794000121,Idéli Oui,Beleza e Bem-estar,ATIVO,2024-12-11 21:24:23,,52,40,23505.23,GS,True,False
5,88936323001880,Coliseu,Joalheria,ATIVO,2026-03-23 07:58:14,,17,7,20137.95,GS,True,False
5,00308055004827,Vivo,Telefonia,ATIVO,2026-03-20 14:29:31,,17,5,17219.7,GS,True,False
5,26164216000186,General Lyy,Moda,ATIVO,2024-12-11 21:24:23,,22,16,15278.73,GS,True,False
5,17261661016509,Outback Steakhouse,Gastronomia,ATIVO,2025-02-18 10:37:11,,67,48,14135.41,GS,True,False
5,33141620001503,Makenji,Moda,ATIVO,2026-03-20 14:29:31,,23,22,13947.13,GS,True,False
5,46708841017043,Polo Wear,Moda,ATIVO,2024-12-11 21:24:23,,48,31,13876.73,GS,True,False
5,48812567000199,VIRUS 41,Calçados,ATIVO,2025-01-21 11:02:26,,18,16,13838.64,GS,True,False
5,20702154007226,Lindt,Gastronomia,ATIVO,2025-07-22 11:55:10,,71,59,13258.87,GS,True,False
5,17574231006819,Youcom,Moda,ATIVO,2024-12-11 21:24:23,,38,31,12787.02,GS,True,False
5,33200056050243,Carter's,Infantil,ATIVO,2025-03-08 09:09:08,,26,25,12378.41,GS,True,False
5,92665611028691,Panvel Farmácias,Farmácias,ATIVO,2026-03-20 14:29:31,,107,82,12032.37,GS,True,False
5,08743025009810,Granado Phamácias,Farmácias,ATIVO,2025-01-21 08:28:00,,56,43,11717.64,GS,True,False
5,35303139003457,Live!,Moda,ATIVO,2026-03-20 14:29:31,,16,15,11603.48,GS,True,False
5,11123040000147,Dona Torta,Gastronomia,ATIVO,2025-01-23 07:44:36,,197,130,11234.43,GS,True,False
5,15425654003826,Cotton On,Moda,ATIVO,2026-03-19 12:52:14,,43,37,11135.77,GS,True,False
5,79065181002995,Livrarias Curitiba,Livrarias,ATIVO,2024-12-11 21:24:23,,115,101,10592.16,GS,True,False
5,43283811009025,Kalunga,Papelaria,ATIVO,2025-01-19 11:11:29,,122,102,10512.49,GS,True,False
5,03733595006032,Superlegal,Infantil,ATIVO,2025-01-21 10:51:15,,69,61,10228.12,GS,True,False
5,09611669015892,Farm,Moda Feminina,ATIVO,2025-01-19 08:27:52,,21,19,10087.0,GS,True,False
5,47100110010666,Brooksfield,Moda,ATIVO,2024-12-11 21:24:23,,9,8,9921.92,GS,True,False
5,39530518000172,Arezzo,Calçados,ATIVO,2024-12-11 21:24:23,,14,14,9685.6,GS,True,False
5,83729004000809,Damyller,Moda,ATIVO,2026-03-16 11:38:50,,13,13,9275.0,GS,True,False
5,45524876000175,Plié,Moda,ATIVO,2024-12-11 21:24:23,,19,17,9165.84,GS,True,False
5,46403431000108,Kings Sneakers,Moda,ATIVO,2026-03-31 12:17:10,,9,8,9141.24,GS,True,False
5,01687411000674,Chuá Brand,Moda,ATIVO,2024-12-11 21:24:24,,6,6,8879.39,GS,True,False
5,04657129001957,JCanedo,Moda,ATIVO,2026-03-20 14:29:31,,12,10,8458.7,GS,True,False
5,58731662017600,Ri Happy,Infantil,ATIVO,2024-12-11 21:24:23,,52,39,8408.62,GS,True,False
5,08718972001442,Leo Cosméticos,Beleza e Bem-estar,ATIVO,2025-12-03 14:15:50,,133,114,8265.54,GS,True,False
5,47276353000182,Bagaggio,Presentes e Acessórios,ATIVO,2025-11-12 11:34:06,,15,14,8127.16,GS,True,False
5,54067511000150,Aramis Menswear,Moda,ATIVO,2026-03-19 13:07:08,,6,5,8057.8,GS,True,False
5,13783221006590,Madero,Gastronomia,ATIVO,2025-01-23 07:41:45,,48,38,8048.28,GS,True,False
5,26445944000751,Pop Me,Moda,ATIVO,2026-03-31 12:15:25,,33,30,7524.0,GS,True,False
5,47960950124289,Magazine Luiza,Eletrodomésticos,ATIVO,2026-03-23 07:00:06,,8,8,7445.84,GS,True,False
5,48911062000505,Democrata,Calçados,ATIVO,2026-03-23 07:55:37,,19,16,7282.7,GS,True,False
5,14700584000112,Track&Field,Moda,ATIVO,2024-12-11 21:24:23,,17,15,7117.8,GS,True,False
5,46410695000180,OJO Sol & Grau,Ótica,ATIVO,2026-01-02 12:57:39,,5,4,6830.0,GS,True,False
5,11406708000163,Mini Kalzone,Gastronomia,ATIVO,2025-01-23 08:00:41,,263,101,6377.2,GS,True,False
5,84453844044045,Life Vivara,Joalheria,ATIVO,2024-12-11 21:24:23,,10,10,5917.0,GS,True,False
5,10967749001219,Luiza Barcelos,Calçados,ATIVO,2026-03-20 14:29:31,,4,4,5658.7,GS,True,False
5,60068895000128,World Tennis,Calçados,ATIVO,2025-11-07 12:57:12,,7,7,5476.95,GS,True,False
5,62435026000110,Anacapri,Calçados Femininos,ATIVO,2025-11-12 13:49:52,,23,22,5436.52,GS,True,False
5,16445053000156,Feng Cheng,Gastronomia,ATIVO,2025-03-10 10:29:35,,86,48,5436.2,GS,True,False
5,58066522000176,HOPE Moda íntima,Moda Feminina,ATIVO,2026-03-23 07:49:48,,21,20,5419.24,GS,True,False
5,50857925000121,Audithorium,Moda,ATIVO,2024-12-11 21:24:23,,11,10,5321.26,GS,True,False
5,57989880000198,Mamma Mia,Gastronomia,ATIVO,2026-03-23 07:49:24,,21,20,4954.7,GS,True,False
5,08290847000160,Valenttina,Moda,ATIVO,2024-12-11 21:24:23,,40,30,4939.19,GS,True,False
5,05949641007113,Claro,Telefonia,ATIVO,2026-03-20 14:29:31,,1,1,4858.2,GS,True,False
5,29735143000123,Wepink,Não informado,ATIVO,2025-11-14 11:25:41,,28,24,4823.85,GS,True,False
5,55429541000202,Stanley,Presentes e Acessórios,ATIVO,2024-12-11 21:24:24,,11,11,4807.3,GS,True,False
5,51940460000130,KFC,Gastronomia,ATIVO,2025-01-23 07:46:29,,88,54,4705.65,GS,True,False
5,52856984000100,Padrão,Moda,ATIVO,2026-03-20 14:29:31,,5,5,4665.8,GS,True,False
5,04416821000164,Pratafina,Presentes e Acessórios,ATIVO,2024-12-11 21:24:23,,25,16,4612.0,GS,True,False
5,43411775000243,Calvin Klein,Moda,ATIVO,2026-03-20 14:29:31,,6,6,4588.9,GS,True,False
5,36759335000135,Botoclinic,Beleza e Bem-estar,ATIVO,2026-03-31 12:10:42,,3,2,4497.0,GS,True,False
5,49961545006275,Paquetá Esportes,Esportes,ATIVO,2026-03-20 14:29:31,,20,16,4059.7,GS,True,False
5,39264947000307,O Boticário,Beleza e Bem-estar,ATIVO,2024-12-11 21:24:23,,46,37,3679.04,GS,True,False
5,33977757000199,Lupo,Moda,ATIVO,2026-01-26 14:38:08,,15,15,3666.91,GS,True,False
5,49398040000122,Morana Acessórios,Presentes e Acessórios,ATIVO,2026-03-20 14:29:31,,22,19,3651.0,GS,True,False
5,59394900000103,LUZ DA LUA,Calçados,ATIVO,2025-05-12 08:58:06,,5,5,3491.1,GS,True,False
5,94087921001825,Gnc Joinville Garten,Lazer,ATIVO,2026-03-20 14:29:31,,30,9,3104.5,GS,True,False
5,44431520000205,Ótica Chilli Beans,Ótica,ATIVO,2026-03-20 14:29:31,,3,3,2970.97,GS,True,False
5,53671208000107,Kib´s,Kids,ATIVO,2026-03-20 14:29:31,,45,29,2876.46,GS,True,False
5,30296846000181,Reserva,Moda,ATIVO,2024-12-11 21:24:23,,8,8,2864.0,GS,True,False
5,11377588000385,Burger King,Gastronomia,ATIVO,2025-01-23 07:43:16,,50,37,2852.29,GS,True,False
5,45255246000223,Chilli Beans,Ótica,ATIVO,2026-03-23 07:58:35,,5,5,2849.82,GS,True,False
5,06269953002775,Calçados Pegada,Calçados,ATIVO,2025-09-10 11:16:37,,4,4,2764.96,GS,True,False
5,43199852000162,ADCOS,Beleza e Bem-estar,ATIVO,2026-01-23 08:04:24,,7,7,2730.46,GS,True,False
5,39400857000134,Grano Pasta Ristorante,Gastronomia,ATIVO,2025-01-23 07:46:04,,52,18,2711.6,GS,True,False
5,35307083000140,Montana Grill,Gastronomia,ATIVO,2026-03-20 14:29:31,,47,29,2652.96,GS,True,False
5,29100635000223,Bibi Calçados,Calçados,ATIVO,2024-12-13 11:48:26,,9,9,2536.77,GS,True,False
5,62800563000111,Criamigos,Presentes e Acessórios,ATIVO,2025-10-10 11:27:31,,10,7,2441.9,GS,True,False
5,04405428003190,Inovathi Acessórios,Presentes e Acessórios,ATIVO,2024-12-11 21:24:23,,7,7,2329.66,GS,True,False
5,48843062000191,Café Cultura,Gastronomia,ATIVO,2025-11-24 07:00:55,,56,38,2275.05,GS,True,False
5,00391152000243,Purpurata,Presentes e Acessórios,ATIVO,2025-03-13 16:39:52,,12,12,2247.25,GS,True,False
5,45048678000182,Casa Bauducco,Gastronomia,ATIVO,2025-01-21 15:07:26,,29,27,1998.62,GS,True,False
5,05570154001880,.,Calçados,INATIVO,2026-03-25 07:15:45,,3,3,1979.96,GS,True,True
5,57705797000140,Griletto,Gastronomia - Restaurante,ATIVO,2025-02-04 08:02:06,,35,20,1962.53,GS,True,False
5,20903782000267,Officina do Celular,Eletrônicos,ATIVO,2025-05-30 08:47:30,,7,5,1939.45,GS,True,False
5,11817447000174,Subway,Gastronomia,ATIVO,2025-01-23 08:05:14,,42,27,1858.9,GS,True,False
5,49237775000174,Natura,Beleza e Bem-estar,ATIVO,2025-01-23 15:02:34,,15,15,1825.1,GS,True,False
5,60245324000111,Metroville Prime Grill,Gastronomia,ATIVO,2026-03-20 14:29:31,,38,23,1813.6,GS,True,False
5,52226880000112,NOHA SHOES,Calçados,ATIVO,2026-01-28 16:55:52,,4,4,1679.0,GS,True,False
5,56008268000124,CANTINA MATTERELLO RESTAURANTE E PASTELARIA,Gastronomia,ATIVO,2024-12-11 21:24:24,,41,23,1636.22,GS,True,False
5,16868517000137,Havaianas,Calçados,ATIVO,2025-01-31 15:24:30,,14,14,1483.76,GS,True,False
5,51203410000170,Crocs,Calçados,ATIVO,2026-03-20 14:29:31,,4,4,1355.0,GS,True,False
5,45541792000140,Mundo Di Chocolate,Gastronomia,ATIVO,2026-03-20 14:29:31,,10,8,1271.51,GS,True,False
5,58157117000163,Jah Açaí Joinville,Gastronomia - Sorvetes,ATIVO,2025-01-19 07:28:28,,45,12,1168.56,GS,True,False
5,48064130000114,Milky Moo,Gastronomia,ATIVO,2026-03-27 14:26:10,,24,5,1077.3,GS,True,False
5,49745279000121,Swell Poke,Gastronomia,ATIVO,2025-01-23 08:05:33,,17,12,1074.85,GS,True,False
5,28129538000381,Tennis Place,Calçados,ATIVO,2025-01-21 15:52:31,,3,3,1039.98,GS,True,False
5,59273485000130,Gelato Borelli,Gastronomia - Sorvetes,ATIVO,2025-05-30 09:27:17,,19,18,1017.0,GS,True,False
5,59321504000407,SAINT GERMAIN STORE,Joalheria,ATIVO,2026-03-31 12:08:51,,2,2,999.7,GS,True,False
5,11023174014731,Pandora,Joalheria,ATIVO,2025-02-24 08:14:11,,1,1,889.0,GS,True,False
5,61529598000103,Milon,Infantil,ATIVO,2025-09-10 11:19:50,,5,5,859.6,GS,True,False
5,55159247000490,Bull Prime Steak House,Gastronomia,ATIVO,2026-03-31 12:11:52,,3,3,855.36,GS,True,False
5,55261114000187,Baummer Semijóias,Presentes e Acessórios,ATIVO,2026-03-20 14:29:31,,8,8,844.84,GS,True,False
5,60118590000183,Freddo,Gastronomia,ATIVO,2026-03-20 14:29:31,,21,19,824.8,GS,True,False
5,53372883000127,Chiquinho Sorvetes,Gastronomia - Sorvetes,ATIVO,2025-01-21 11:38:30,,26,17,705.0,GS,True,False
5,52254982000141,Shawarma Food Joinville,Gastronomia,ATIVO,2025-01-21 15:43:38,,12,9,666.1,GS,True,False
5,60365344000126,Piastrini Joinville - Optica Machota,Ótica e Joalheria,ATIVO,2026-03-20 14:29:31,,1,1,635.0,GS,True,False
5,01512104028409,L'occitane Au Brasil,Beleza e Bem-estar,ATIVO,2026-03-20 14:29:31,,5,5,625.84,GS,True,False
5,03366550000389,Manly,Moda Feminina,ATIVO,2026-01-14 08:34:52,,4,4,612.62,GS,True,False
5,05612076000272,Jack Simonéia Garten,Salão de Beleza | Barbearia,ATIVO,2026-03-20 14:29:31,,2,1,538.5,GS,True,False
5,57987840000107,Acium,Presentes e Acessórios,ATIVO,2026-03-19 13:06:03,,1,1,476.0,GS,True,False
5,61038361000111,Duplicado*,Moda,ATIVO,2026-03-31 12:12:57,,2,1,476.0,GS,True,False
5,51233308000118,CAPA FINA,Telefonia,ATIVO,2025-01-21 11:20:02,,5,4,357.53,GS,True,False
5,02455036001833,Samsung,Eletrônicos,ATIVO,2024-12-11 21:24:23,,1,1,309.0,GS,True,False
5,53966834000112,TNG,Moda,ATIVO,2026-03-19 13:35:16,,1,1,299.98,GS,True,False
5,53943371000173,Wow Park,Infantil,ATIVO,2026-03-20 14:29:31,,1,1,140.0,GS,True,False
5,48133012000110,Fini,Gastronomia,ATIVO,2025-01-23 07:45:11,,8,6,129.53,GS,True,False
5,54329494000181,Tabacaria E Presentes Trevo,Serviços,ATIVO,2025-01-21 15:49:05,,1,1,89.9,GS,True,False
5,61818909000146,10 Pastéis Joinville,Gastronomia,INATIVO,2026-04-06 06:50:13,,0,0,0.0,GS,False,True
5,13334184000178,AJFans Garten,Promocional,ATIVO,2026-03-23 08:52:23,,0,0,0.0,GS,False,False
5,37101639000173,Arranjos Express,Serviços,ATIVO,2025-11-24 07:39:23,,0,0,0.0,GS,False,False
5,76535111003775,Bergerson,Joalheria,ATIVO,2025-09-11 07:24:50,,0,0,0.0,GS,False,False
5,55403656000147,Buddha SPA,Beleza e Bem-estar,ATIVO,2026-03-20 14:29:31,,0,0,0.0,GS,False,False
5,22349423000154,CVC,Serviços,ATIVO,2024-12-11 21:24:23,,0,0,0.0,GS,False,False
5,33654423000184,Cacau Show,Gastronomia,ATIVO,2026-03-23 07:59:25,,0,0,0.0,GS,False,False
5,09235275000340,Car Clinic,Lavação Automotiva,ATIVO,2025-01-19 08:33:45,,0,0,0.0,GS,False,False
5,33200056000149,Casa Riachuelo,Casa e Decoração,ATIVO,2024-12-11 21:24:23,,0,0,0.0,GS,False,False
5,24785296000161,Chaveiros Colin,Serviços,ATIVO,2024-12-11 21:24:23,,0,0,0.0,GS,False,False
5,59260861000151,Cia da Saúde,Outros,ATIVO,2025-09-05 15:09:14,,0,0,0.0,GS,False,False
5,27759269001427,Cidadania Já,Serviços,ATIVO,2026-03-31 12:16:23,,0,0,0.0,GS,False,False
5,63334706000100,Conecta Store,Eletrônicos,ATIVO,2026-03-27 14:19:35,,0,0,0.0,GS,False,False
5,39851186000128,Damay Cafeteria,Gastronomia,ATIVO,2026-03-23 07:58:01,,0,0,0.0,GS,False,False
5,54665649000150,Digital Duo,Eletrônicos,ATIVO,2026-03-23 06:59:46,,0,0,0.0,GS,False,False
5,52580104000540,Divert Park,Infantil,ATIVO,2026-03-19 12:56:13,,0,0,0.0,GS,False,False
5,39566766000173,Empório Sabores do Mundo,Gastronomia,ATIVO,2026-03-19 08:06:20,,0,0,0.0,GS,False,False
5,55171759000129,Fg Smart,Supermercado,ATIVO,2026-03-27 12:05:21,,0,0,0.0,GS,False,False
5,47682705000108,Fun Case,Telefonia,ATIVO,2026-03-31 12:14:06,,0,0,0.0,GS,False,False
5,34619209000150,Fun Photos,Lazer,ATIVO,2026-03-27 12:06:18,,0,0,0.0,GS,False,False
5,10257908000210,Garten Shopping - Estacionamento,Serviços,ATIVO,2026-03-20 06:48:09,,0,0,0.0,GS,False,False
5,24999384000166,Garten Shopping Estacionamento II,Serviços,ATIVO,2026-03-20 06:53:41,,0,0,0.0,GS,False,False
5,65056824000129,Giardino,Gastronomia,ATIVO,2026-03-19 13:46:10,,0,0,0.0,GS,False,False
5,47318667000109,Loterica Garten,Serviços,ATIVO,2025-05-19 06:16:53,,0,0,0.0,GS,False,False
5,07719288001412,Maze Skate,Moda,ATIVO,2026-03-20 14:29:31,,0,0,0.0,GS,False,False
5,52502883000131,Nutty Bavarian,Gastronomia,ATIVO,2025-01-23 08:02:18,,0,0,0.0,GS,False,False
5,10872187001149,Ophicina,Moda,ATIVO,2026-03-23 07:49:07,,0,0,0.0,GS,False,False
5,92665611000177,PANVEL,Farmácias,ATIVO,2026-03-19 08:06:20,,0,0,0.0,GS,False,False
5,27644793000138,Rochelli Calçados,Calçados,ATIVO,2024-12-11 21:24:23,,0,0,0.0,GS,False,False
5,40711275000158,St. Chicken,Gastronomia,ATIVO,2026-03-20 14:29:31,,0,0,0.0,GS,False,False
5,02421421007205,TIM,Telefonia,ATIVO,2026-03-23 07:48:07,,0,0,0.0,GS,False,False
5,31179881000183,Trem Bala,Gastronomia,ATIVO,2026-03-20 14:29:31,,0,0,0.0,GS,False,False
5,22873513000140,Uplay Fitness,Serviços,ATIVO,2024-12-11 21:24:23,,0,0,0.0,GS,False,False
5,50190098000165,Óticas Via Visão,Ótica,ATIVO,2024-12-11 21:24:23,,0,0,0.0,GS,False,False
6,92754738036191,Renner,Moda,ATIVO,2024-12-11 21:24:25,,279,219,84235.81,NS,True,False
6,02455036003534,Samsung,Eletrônicos,ATIVO,2024-12-11 21:24:25,,16,5,57612.5,NS,True,False
6,21541611000117,Colcci,Moda,ATIVO,2024-12-11 21:24:25,,38,17,53681.85,NS,True,False
6,34134052000172,Las Leñas Parrilla Uruguaya,Gastronomia,ATIVO,2024-12-11 21:24:25,,163,11,46004.9,NS,True,False
6,06347409034221,Centauro,Esportes,ATIVO,2024-12-11 21:24:25,,102,74,39636.44,NS,True,False
6,45242914041987,C&A,Moda,ATIVO,2026-03-20 14:29:31,,144,116,38362.53,NS,True,False
6,84453844035305,Vivara,Joalheria,ATIVO,2024-12-11 21:24:25,,13,10,35843.71,NS,True,False
6,33200056044359,Riachuelo,Moda,ATIVO,2024-12-11 21:24:25,,133,116,32746.88,NS,True,False
6,75400218002500,Cassol Centerlar,Casa e Decoração,ATIVO,2024-12-11 21:24:25,,58,41,23602.53,NS,True,False
6,24917980000150,Luz da Lua,Calçados Femininos,ATIVO,2024-12-11 21:24:25,,20,19,20571.4,NS,True,False
6,53153938013943,Cobasi,Pets,ATIVO,2024-12-11 21:24:25,,122,87,17334.15,NS,True,False
6,05895565000106,Tokaia,Moda,ATIVO,2024-12-11 21:24:25,,5,4,17218.0,NS,True,False
6,52435899000179,Dudalina,Moda,ATIVO,2024-12-11 21:24:25,,15,13,14515.7,NS,True,False
6,83569624001719,Pittol,Calçados,ATIVO,2024-12-11 21:24:25,,56,49,13126.14,NS,True,False
6,34912793000307,Empório Du Homem,Moda,ATIVO,2026-03-20 14:29:31,,6,5,12530.08,NS,True,False
6,41598358000307,Békko,Moda,ATIVO,2026-03-20 14:29:31,,13,13,11880.5,NS,True,False
6,62205425000194,Aramis,Moda,ATIVO,2025-12-09 10:55:42,,12,10,11534.61,NS,True,False
6,58094796000179,Cacau Show,Gastronomia,ATIVO,2025-05-13 17:54:43,,70,55,11417.66,NS,True,False
6,30782886000133,Arezzo,Calçados,ATIVO,2024-12-11 21:24:25,,20,15,11233.05,NS,True,False
6,17574231006657,Youcom,Moda,ATIVO,2024-12-11 21:24:25,,33,30,10145.5,NS,True,False
6,54530997000110,Fátima Esportes,Esportes,ATIVO,2025-09-24 06:07:39,,20,17,10054.99,NS,True,False
6,79065181004009,Livraria Catarinense,Livrarias,ATIVO,2025-01-24 11:43:00,,102,92,9638.46,NS,True,False
6,35303139003538,Live!,Moda,ATIVO,2026-03-06 13:24:33,,10,9,9130.52,NS,True,False
6,01167639006402,Beagle,Moda,ATIVO,2024-12-11 21:24:25,,18,16,8093.21,NS,True,False
6,50691031000295,Acuo,Moda,ATIVO,2026-03-20 14:29:31,,21,18,7780.94,NS,True,False
6,52744974000183,Hope Nacoes Shopping,Outros,ATIVO,2026-03-20 14:29:31,,27,24,7535.0,NS,True,False
6,47276532000110,Bagaggio,Presentes e Acessórios,ATIVO,2026-03-20 14:29:31,,11,11,7482.23,NS,True,False
6,92665611044387,Panvel Farmácias,Farmácias,ATIVO,2024-12-11 21:24:25,,59,46,7425.78,NS,True,False
6,33453183000150,Strutura,Moda,ATIVO,2026-02-23 07:11:19,,22,12,7407.43,NS,True,False
6,83729004014869,Damyller,Moda,ATIVO,2024-12-11 21:24:25,,5,5,7399.0,NS,True,False
6,72305295001278,Ritmi Studio,Moda Feminina,ATIVO,2025-11-25 10:35:47,,27,27,7328.3,NS,True,False
6,32560217000223,BelShop,Beleza e Bem-estar,ATIVO,2025-10-09 11:19:14,,46,38,7099.82,NS,True,False
6,58909981000174,Kopenhagen,Não informado,ATIVO,2026-03-20 14:29:31,,59,54,6937.96,NS,True,False
6,30262219000120,Fátima Criança,Infantil,ATIVO,2024-12-11 21:24:25,,33,29,6904.69,NS,True,False
6,47582836000105,Reserva Nacoes Shopping,Moda,ATIVO,2026-03-20 14:29:31,,8,8,6767.0,NS,True,False
6,79653119001004,Lança Perfume,Moda,ATIVO,2026-03-20 14:29:31,,4,3,6747.3,NS,True,False
6,35146704000151,Avatim,Beleza e Bem-estar,ATIVO,2026-03-06 06:54:29,,43,38,6571.5,NS,True,False
6,03002339014507,Camicado,Casa e Decoração,ATIVO,2024-12-11 21:24:25,,29,22,6431.33,NS,True,False
6,13257648014301,GrandVision by Fototica,Ótica,ATIVO,2026-03-24 13:22:36,,4,4,5962.75,NS,True,False
6,51321247000140,Kings,Moda,ATIVO,2026-02-19 13:23:11,,8,5,5712.32,NS,True,False
6,54311968000168,Adcos,Beleza e Bem-estar,ATIVO,2026-03-09 08:32:06,,6,6,5224.16,NS,True,False
6,35235219000154,Camarão Express,Gastronomia,ATIVO,2026-03-20 14:29:31,,57,43,5065.72,NS,True,False
6,10713910000175,Lupo,Moda,ATIVO,2024-12-11 21:24:25,,28,25,4930.05,NS,True,False
6,61654310000114,Crocs,Calçados,ATIVO,2025-10-28 12:20:17,,14,14,4917.65,NS,True,False
6,39875207000145,Calvin Klein e Tommy Hilfiger,Moda,ATIVO,2025-02-05 13:59:37,,6,5,4781.0,NS,True,False
6,60491000000163,Wepink,Beleza e Bem-estar,ATIVO,2025-10-28 12:25:28,,37,31,4751.2,NS,True,False
6,13257648014220,Grandvision By Fototica,Gastronomia - Restaurante,INATIVO,2026-03-20 14:29:31,,3,2,4435.0,NS,True,True
6,25391813000180,Santo Boteco,Gastronomia,ATIVO,2024-12-11 21:24:25,,38,22,4003.38,NS,True,False
6,24149753000121,Mini Kalzone,Gastronomia,ATIVO,2024-12-11 21:24:25,,165,106,3671.0,NS,True,False
6,10872187000843,Ophicina Foot Wear,Não informado,ATIVO,2026-03-20 14:29:31,,4,4,3598.98,NS,True,False
6,11377588005344,Burger King,Gastronomia,ATIVO,2024-12-11 21:24:25,,66,52,3534.3,NS,True,False
6,63075248000131,Royal Trudel,Gastronomia,ATIVO,2026-04-09 11:07:26,,56,33,3499.09,NS,True,False
6,57136139000184,Chilli Beans,Ótica,ATIVO,2026-03-20 14:29:31,,6,6,3054.87,NS,True,False
6,17261661021332,Outback SteakHouse,Gastronomia,ATIVO,2025-03-21 10:50:18,,16,16,3045.57,NS,True,False
6,13393158004108,Me Linda,Farmácias,INATIVO,2026-03-20 14:29:31,,19,16,2927.1,NS,True,True
6,00776574161087,Americanas,Eletrodomésticos,ATIVO,2026-03-25 11:08:45,,31,25,2908.85,NS,True,False
6,57067731000171,Mamma Mia Galeto,Gastronomia,ATIVO,2026-03-20 14:29:31,,9,9,2803.51,NS,True,False
6,30262219000200,Fátima Bebê,Infantil,ATIVO,2024-12-11 21:24:25,,12,10,2768.6,NS,True,False
6,35509912000259,Havaianas,Calçados,ATIVO,2026-02-19 13:18:51,,30,28,2709.55,NS,True,False
6,58891504013379,z Kfc,Gastronomia,ATIVO,2026-03-20 14:29:31,,54,43,2500.29,NS,True,False
6,11023174014650,Pandora,Joalheria,ATIVO,2024-12-11 21:24:25,,5,5,2479.6,NS,True,False
6,05918619006800,Casa Maria,Casa e Decoração,ATIVO,2025-05-29 11:06:50,,38,34,2390.36,NS,True,False
6,50689531000101,Natura,Beleza e Bem-estar,ATIVO,2024-12-11 21:24:25,,22,22,2360.72,NS,True,False
6,52003898000406,Tigre Maníacos,Esportes,ATIVO,2026-03-20 14:29:31,,9,8,2330.9,NS,True,False
6,54758486000150,Mar de Maria,Moda,ATIVO,2026-03-20 14:29:31,,14,12,2237.71,NS,True,False
6,58731662012632,Ri Happy,Infantil,ATIVO,2026-03-25 12:36:40,,17,16,2211.56,NS,True,False
6,42463081000106,World Tennis,Calçados,ATIVO,2024-12-11 21:24:25,,5,5,2159.92,NS,True,False
6,08796020000122,Uebel Make Up,Beleza e Bem-estar,ATIVO,2026-03-20 14:29:31,,14,11,2106.08,NS,True,False
6,39669835000174,Lug's,Gastronomia,ATIVO,2024-12-11 21:24:25,,35,24,2013.95,NS,True,False
6,37020838000157,Donna Mirô,Gastronomia,ATIVO,2024-12-11 21:24:25,,35,18,1978.24,NS,True,False
6,50583218000194,Griletto,Gastronomia,ATIVO,2026-03-20 14:29:31,,31,27,1977.5,NS,True,False
6,61106368000123,Officina Gelatiera,Gastronomia,ATIVO,2026-03-23 07:00:44,,33,23,1964.9,NS,True,False
6,11023142000190,Fátima Papelaria,Papelaria,ATIVO,2024-12-11 21:24:25,,28,24,1858.36,NS,True,False
6,46708841017477,Polo Wear,Moda,ATIVO,2026-03-20 14:29:31,,11,11,1831.71,NS,True,False
6,13393158003993,Me Linda,Beleza e Bem-estar,ATIVO,2026-03-24 12:04:02,,12,10,1691.71,NS,True,False
6,46896233000115,Cantinho Grill,Gastronomia,ATIVO,2024-12-11 21:24:25,,25,17,1654.2,NS,True,False
6,37041113000226,Villa,Moda,ATIVO,2025-05-06 13:46:49,,5,5,1540.37,NS,True,False
6,57175237000120,Ótica Chilli Beans,Ótica,ATIVO,2026-04-08 08:33:30,,2,1,1359.92,NS,True,False
6,59846541000188,Mundo Geek,Outros,ATIVO,2026-03-19 08:06:20,,10,10,1287.1,NS,True,False
6,39431701000110,JAH Açaí,Gastronomia,ATIVO,2024-12-11 21:24:25,,34,22,1235.87,NS,True,False
6,43758381000185,Subway,Gastronomia,ATIVO,2026-03-20 14:29:31,,24,15,1214.3,NS,True,False
6,24348212000122,z Bob's - Quiosque 2,Gastronomia,ATIVO,2026-03-20 14:29:31,,26,23,1104.3,NS,True,False
6,09611669018050,Farm,Moda,ATIVO,2025-11-26 11:55:21,,3,3,1068.5,NS,True,False
6,41835278000166,Via Pian Food,Gastronomia,ATIVO,2024-12-11 21:24:25,,19,13,1041.55,NS,True,False
6,25175433000109,AJFans Nações,Promocional,ATIVO,2026-03-23 08:50:07,,2,2,1000.0,NS,True,False
6,94087921002040,Gnc Cinemas,Lazer,ATIVO,2026-03-20 14:29:31,,15,14,923.5,NS,True,False
6,57185384000181,Essence Parfums,Beleza e Bem-estar,ATIVO,2025-05-13 17:54:50,,1,1,839.37,NS,True,False
6,28764122000173,Baummer,Joalheria,ATIVO,2024-12-11 21:24:25,,6,6,719.21,NS,True,False
6,48843215000109,Kitsu Box,Gastronomia,ATIVO,2025-09-10 13:15:50,,7,6,693.9,NS,True,False
6,50257154000131,Panda Sushi,Gastronomia,ATIVO,2026-03-20 14:29:31,,11,10,588.52,NS,True,False
6,54679548000139,Milkymoo,Gastronomia - Sorvetes,ATIVO,2026-03-20 14:29:31,,12,10,401.0,NS,True,False
6,05571901000238,Maxmuscle,Esportes,ATIVO,2026-03-20 14:29:31,,2,2,347.0,NS,True,False
6,43757406000126,Fábrica Di Chocolate,Gastronomia,ATIVO,2024-12-11 21:24:25,,4,3,340.69,NS,True,False
6,39264947000307,O Boticário,Beleza e Bem-estar,ATIVO,2026-03-25 12:32:21,,2,2,331.8,NS,True,False
6,24316506000172,Chef's & Fritas,Gastronomia,ATIVO,2026-02-19 13:29:03,,3,3,287.4,NS,True,False
6,62933990000178,Milky Moo - Quiosque,Gastronomia,ATIVO,2026-03-19 11:13:06,,11,6,284.0,NS,True,False
6,13350736000301,Gio Gelato Sorveteria Italiana Artesanal,Não informado,ATIVO,2026-03-20 14:29:31,,8,5,237.45,NS,True,False
6,40711275000239,St.Chicken,Gastronomia,ATIVO,2024-12-11 21:24:25,,3,3,232.8,NS,True,False
6,50906474000175,Café Cultura,Gastronomia,ATIVO,2026-03-24 14:14:08,,5,5,198.0,NS,True,False
6,20553615000152,Fini,Gastronomia,ATIVO,2024-12-11 21:24:25,,7,4,93.32,NS,True,False
6,27415763000150,Geror,Ótica,ATIVO,2025-11-25 08:35:45,,1,1,89.9,NS,True,False
6,24012111000186,Le Charbon Crepes e Café,Gastronomia,ATIVO,2024-12-11 21:24:25,,3,3,67.0,NS,True,False
6,60051971000192,Big Jack Cervejaria,Gastronomia,ATIVO,2026-03-06 12:52:24,,3,3,60.0,NS,True,False
6,52251355000157,Panda Café & Chá Mix,Gastronomia,ATIVO,2024-12-11 21:24:25,,3,3,56.5,NS,True,False
6,24786077000105,Estacionamento - Nações Shopping,Serviços,ATIVO,2026-01-26 07:16:05,,2,2,44.0,NS,True,False
6,34216722000108,Tabacaria El Patrono,Presentes e Acessórios,ATIVO,2026-03-20 14:29:31,,1,1,39.9,NS,True,False
6,26585335000102,Drive Kids,Lazer,ATIVO,2024-12-11 21:24:25,,1,1,30.0,NS,True,False
6,49039419000146,Chope do Mestre,Gastronomia,ATIVO,2026-03-20 14:29:31,,2,1,16.0,NS,True,False
6,50878192000101,Antonio's Boliche,Lazer,ATIVO,2026-03-24 14:07:04,,0,0,0.0,NS,False,False
6,51589366000189,Antonio's Boliche,Gastronomia - Sorvetes,INATIVO,2026-03-20 14:29:31,,0,0,0.0,NS,False,True
6,20477705000373,Cases e Capas,Presentes e Acessórios,ATIVO,2026-03-20 14:29:31,,0,0,0.0,NS,False,False
6,57260323000131,Dez Pastéis,Gastronomia,INATIVO,2026-03-20 06:35:20,,0,0,0.0,NS,False,True
6,13199605000286,Don Pettine,Salão de Beleza | Barbearia,ATIVO,2024-12-11 21:24:25,,0,0,0.0,NS,False,False
6,36188244000197,Engenharia do Corpo Academia,Serviços,ATIVO,2025-02-19 05:21:19,,0,0,0.0,NS,False,False
6,08845676037784,Espaço Laser,Beleza e Bem-estar,ATIVO,2026-02-27 13:45:11,,0,0,0.0,NS,False,False
6,32122105000100,Extreme Kart,Lazer,ATIVO,2024-12-11 21:24:25,,0,0,0.0,NS,False,False
6,28192387000810,FREDDO GELATERIA,Gastronomia,INATIVO,2026-03-24 11:23:11,,0,0,0.0,NS,False,True
6,48094086000195,H2O Car Wash,Serviços,ATIVO,2026-03-24 12:16:25,,0,0,0.0,NS,False,False
6,62211969000169,Inspire Predrarias,Joalheria,ATIVO,2025-11-24 14:22:40,,0,0,0.0,NS,False,False
6,33647517000207,KStore Acessórios,Presentes e Acessórios,ATIVO,2026-03-20 14:29:31,,0,0,0.0,NS,False,False
6,65174130000196,Lez a Lez,Moda Feminina,INATIVO,2026-03-24 11:22:58,,0,0,0.0,NS,False,True
6,31720333000380,Livre Mix,Joalheria,ATIVO,2024-12-11 21:24:25,,0,0,0.0,NS,False,False
6,01477466000650,McDonald's,Gastronomia,ATIVO,2026-03-25 11:32:41,,0,0,0.0,NS,False,False
6,20540181000156,Nações Shopping Estacionamento,Não informado,ATIVO,2026-03-20 14:29:31,,0,0,0.0,NS,False,False
6,20540181000318,Nações Shopping Estacionamento II,Serviços,ATIVO,2026-03-20 06:21:23,,0,0,0.0,NS,False,False
6,37283459000150,Ortobom,Casa e Decoração,ATIVO,2026-03-23 07:44:35,,0,0,0.0,NS,False,False
6,43068728000168,Planet Games,Lazer,ATIVO,2024-12-11 21:24:25,,0,0,0.0,NS,False,False
6,56294063000403,Provin Jóias,Não informado,ATIVO,2026-03-20 14:29:31,,0,0,0.0,NS,False,False
6,57188074000110,Sapataria do Futuro,Serviços,ATIVO,2025-10-28 13:52:19,,0,0,0.0,NS,False,False
6,60937194000188,Smartcase,Eletrônicos,ATIVO,2026-03-19 08:06:20,,0,0,0.0,NS,False,False
6,14440687000786,Vialaser,Beleza e Bem-estar,ATIVO,2026-03-25 12:46:15,,0,0,0.0,NS,False,False
6,57957829001257,Vivo,Telefonia,ATIVO,2026-03-19 08:06:20,,0,0,0.0,NS,False,False
6,51209371000119,Vortex Viagens,Serviços,ATIVO,2026-03-24 11:28:46,,0,0,0.0,NS,False,False
6,59937950000190,Vortex Vistos,Serviços,ATIVO,2025-05-13 10:55:48,,0,0,0.0,NS,False,False
6,55653736000231,Yan Eletroeletrônicos,Eletrônicos,ATIVO,2025-11-24 14:23:50,,0,0,0.0,NS,False,False
6,48643676000120,z SH JOIAS,Presentes e Acessórios,ATIVO,2026-03-20 14:29:31,,0,0,0.0,NS,False,False
